term,sessionPeriod,sessionTimes,meetingTimes,agendaNo,billName,docUrl,selectTerm,
09,03,01,,1,本院委員吳志揚、徐榛蔚、黃昭順、蔣萬安等11人臨時提案，有鑑於特殊教育法第18條已明定特殊教育與相關服務措施提供與設施設置，以確保身心障礙者受教之權利。惟國內高級中等學校中仍有部分並未依法設立適當之無障礙設施，據統計截至105年8月底，171所國立高級中等學校中應設置無障礙設施而未設置者尚有105所，所需設置無障礙設施計有1939項，明顯未顧及身障者之受教權，亟需進行督導並要求改善，故此建請政府相關單位，針對公私立高級中等學校進行校園無障礙設施總體檢，並限期提出改善方案，請公決案。,http://lci.ly.gov.tw/LyLCEW/agenda/provisionalBill/09/04/04-1061017/0904041061017_003.pdf,0903,
09,03,01,,2,本院委員曾銘宗等12人臨時提案，鑒於學貸已成為莘莘學子沉重負擔，建議行政院半年內提出減輕學貸壓力方案，請公決案。,http://lci.ly.gov.tw/LyLCEW/agenda/provisionalBill/09/03/02-1060224/0903021060224_008.pdf,0903,
09,03,01,,3,本院委員張麗善等15人臨時提案，有鑑於台灣首見可人禽流通之H5N6禽流感案例，H5N6疫情陸續在花蓮、宜蘭與台南之禽場或屠宰場發生，台灣地窄人稠，養殖禽類密度極高，人員可接觸面廣，恐成全球新型流感威脅最大的第一線地區，已造成國安危機。爰建請行政院應盡速邀集相關單位針對H5N6以及未來可能變種之禽流感擬定有效防疫對策與作為，並應積極穩定物價，以保障國人的健康、食品安全以及物價之穩定，請公決案。,http://lci.ly.gov.tw/LyLCEW/agenda/provisionalBill/09/03/01-1060221/0903011060221_003.pdf,0903,
09,03,01,,4,本院委員王育敏等12人臨時提案，鑑於近年來台灣虐待動物事件頻傳，凸顯國人動物生命教育之不足。另查，動保團體所進行全國動保社團暨校犬貓調查報告亦指出，目前我國各縣市高國中小經營校犬比例仍低，校園動保教育推廣不足。爰建請農委會持續推廣校園校犬計畫；教育部應儘速提出動保教育之完整規劃，並將動物保護列入生命教育課程課綱，以落實生命教育，健全零安樂死政策之相關配套，請公決案。,http://lci.ly.gov.tw/LyLCEW/agenda/provisionalBill/09/03/01-1060221/0903011060221_004.pdf,0903,
09,03,01,,5,本院委員簡東明等17人臨時提案，鑑於中華郵政股份有限公司近年來已積極推出「原住民族文化特色郵筒」政策，以發揚原住民族文化特色。但為原住民地區郵政業務需要、深化原住民族地區文化發展，爰提案請中華郵政於原住民族地區之郵局局屋改善、建築設計等環境營造工程，亦必須納入在地原住民族文化特色，以發揚原住民族地區郵務發展新形象，請公決案。,http://lci.ly.gov.tw/LyLCEW/agenda/provisionalBill/09/03/01-1060221/0903011060221_005.pdf,0903,
09,03,01,,6,本院委員林德福等14人臨時提案，有鑒於信號彈發射後，溫度約千度，威力驚人，若近距離朝人射擊，可能致人死傷，尋常百姓並不會家家戶戶持有。「信號彈無管制，人人皆可買」，政府未對信號彈加以管制，造成任何人可輕易取得，價格又便宜，形成另類「武器滿街跑」怪象。犯罪份子、飆車族以信號彈作為攻擊、恐嚇武器，類似案件不斷出現在社會新聞版面，已對社會秩序與公共安全已造成危害。104年信號彈攻擊事件大幅增加，平均每月發生3件，本席建請行政院應立即檢討，防範信號彈攻擊事件再次發生，保障人民生命及財產安全，請公決案。,http://lci.ly.gov.tw/LyLCEW/agenda/provisionalBill/09/03/03-1060307/0903031060307_016.pdf,0903,
09,03,01,,7,本院委員蔣乃辛等17人臨時提案，有鑑於新興毒品危害健康與致死率極高，已成為社會關注的焦點。警政署資料顯示，我國施用三級毒的人數驟增，由98年的504人，飆升到104年的20897人，7年來增加41倍。另法醫研究所指出，新興毒品致死案件，從102年開始有1人，103年有4人，到104年飆升為94人，增加23.5倍，是歷史新高。專家表示，新興毒品包裝精美，外觀像咖啡包、零食，偽裝流竄在校園、夜店、毒趴及通訊軟體群組，青少年易失戒心而吸食，若加上多種毒品與酒精混用，其危險度與致死率極高。為維護青少年健康及防堵其染毒，要求行政院在中央與地方建立毒品查緝中心，結合教育、衛生、社政及警政機關，提供一條鞭的查緝、防毒與戒毒之支援，請公決案。,http://lci.ly.gov.tw/LyLCEW/agenda/provisionalBill/09/03/01-1060221/0903011060221_007.pdf,0903,
09,03,01,,8,本院委員盧秀燕等11人臨時提案，有鑑於中南部人民長期籠罩在重化工業及高污染工業的陰霾中，呼吸著重度污染的空氣，不見藍天已久；為何在同一片土地上有著不公義的環境，並導致中南部民眾於2月19日上街頭抗爭，實為政府執政無能。為了不讓中南部國民淪為次等公民繼續呼吸超標的PM2.5 毒空氣，現行《空氣污染防制法》更應與時俱進以符合社會之需求與期待。爰此，本席要求行政院釐清中南部各縣市空氣污染成分，儘速積極擬定相關政策，以保護國人健康，請公決案。,http://lci.ly.gov.tw/LyLCEW/agenda/provisionalBill/09/03/01-1060221/0903011060221_008.pdf,0903,
09,03,01,,9,本院委員賴士葆等12人臨時提案，查全台超過百萬戶身心障礙家庭，又有近八成面臨「雙老」困境，因而倡導中輕度身心障礙者獨立生活概念，對其照顧日趨社區化為政策方向之要。其中，小型作業所介於庇護工場與日托機構的社區式服務，可讓中輕度身心障礙者從特教學校畢業後，仍有持續訓練其輕微勞作，以有效增加生活自理能力、理解能力，亦促進健康之去處，惟小型作業所在台灣不僅數量不足，在各縣市的分配密度也低。再者，適逢少子化浪潮，歷年來數千間空教室閒置，應有再活化用以照顧弱勢之可能性。有鑑於積極培養中輕度身心障礙者的生活和工作能力，將是妥適支配政府社福資源之關鍵，爰提案要求行政院及其相關單位，應於半年內以校園安全無虞為前題，將閒置教室轉化為中輕度身心障礙者小型作業所利用地達20%，以提高館舍使用效益，請公決案。,http://lci.ly.gov.tw/LyLCEW/agenda/provisionalBill/09/03/01-1060221/0903011060221_009.pdf,0903,
09,03,01,,10,本院委員李昆澤、劉世芳、賴瑞隆、陳其邁等17人臨時提案，鑑於郵輪觀光已是國際觀光的新興趨勢，尤其是亞洲地區每年都有7至9%的高成長，帶來龐大的觀光商機。高雄港位居東亞航線的中心，相當適合發展郵輪觀光，過去數年也有高成長表現，惟2016年卻大幅衰退，爰此，要求交通部督促觀光局、臺灣港務公司協同地方政府積極推廣郵輪觀光，包含檢討相關港口收費機制，擬定差別費率並簡化相關簽證流程，以吸引國際郵輪進駐高雄港，發展南臺灣的觀光產業，請公決案。,http://lci.ly.gov.tw/LyLCEW/agenda/provisionalBill/09/03/03-1060307/0903031060307_010.pdf,0903,
09,03,01,,11,本院委員李彥秀等12人臨時提案，為配合「巴黎協定」強化減碳主軸，完成國家自主減排貢獻，減少溫室氣體排放量並有效管理，達成2050年溫室氣體排放減量之目標。建請國營事業對降低碳排放訂立具體之總量管制，並制定每年度之達成率及定期檢討之，請公決案。,http://lci.ly.gov.tw/LyLCEW/agenda/provisionalBill/09/03/01-1060221/0903011060221_011.pdf,0903,
09,03,01,,12,本院委員黃偉哲等11人臨時提案，鑒於全球氣候變遷加劇，極端氣候所造成威脅也越趨明顯，發生瞬間大雨、強降雨等現象明顯增加。每逢暴雨沖刷鐵道就可能發生路基遭到掏空等狀況，我國現有數萬名通勤族仰賴台鐵、高鐵往返工作崗位，更需加強交通安全之維護，為此，建請行政院交通部加強巡視監督雙鐵行經路段的土建結構及軌道設施，讓交通意外發生機率降低，請公決案。,http://lci.ly.gov.tw/LyLCEW/agenda/provisionalBill/09/03/01-1060221/0903011060221_012.pdf,0903,
09,03,01,,13,本院委員江永昌等16人臨時提案，有鑑於金融監督管理委員會對於衍生性金融商品業務之監理，均採一次性統包式裁罰，未落實行政罰法之一行為一罰原則，為維護投資人權益，以符法制，爰要求金融監督管理委員會就TRF、DKO等複雜性高風險衍生性金融商品爭議事件之裁罰應確實依照行政罰法第25條，採一行為一罰、數行為數罰之原則，請公決案。,http://lci.ly.gov.tw/LyLCEW/agenda/provisionalBill/09/03/01-1060221/0903011060221_013.pdf,0903,
09,03,01,,14,本院委員李麗芬等21人臨時提案，鑒於各政府機關在受理外籍人士相關事務時，若語言不通又欠缺適當通譯，當事人將無法充分表達意見，易造成權益受損。尤其警察機關調查外籍人士所涉案件時，若因語言限制而致未能充分意思表示，恐將影響後續司法訴訟。查勞動部主管之就業安定基金，其就業安定收入來自雇主聘僱外國人所繳納之就業安定費。基金用途包括外籍移工權益之保障。為保障外籍人士權益，建請行政院研議就業安定基金每年度應就政府受理外籍人士案件所需通譯費用進行補助，並制定合理支給標準。但所涉事務不宜由就業安定基金支給者，通譯費用應由各級政府機關公務預算支應，請公決案。,http://lci.ly.gov.tw/LyLCEW/agenda/provisionalBill/09/03/01-1060221/0903011060221_014.pdf,0903,
09,03,02,,1,本院委員簡東明、孔文吉等13人臨時提案，鑑於目前原鄉地區正積極辦理「森林保育計畫」以及「原住民保留地禁伐補償及造林回饋條例」等計畫，但地方鄉鎮公所「造林檢測員」人力嚴重不足已導致辦理進度延宕。因此，爰提案要求原住民族委員會正視此問題，並編列經費以補充地方「造林檢測員」員額，請公決案。,http://lci.ly.gov.tw/LyLCEW/agenda/provisionalBill/09/03/02-1060224/0903021060224_001.pdf,0903,
09,03,02,,2,本院委員王育敏等11人臨時提案，有鑑於日前發生學生在校外實習工作期間，被要求超時工作，且自請離職後，被老闆要求損害賠償，明顯侵害學生之權益，使實習生淪為血汗勞工，顯見教育部、勞動部對實習生建教合作之工作內容缺乏有效監督。爰建請教育部盤點建教合作現況，定期對其產業類別進行指導與檢討，以淘汰不適任之合作對象，並改善現有申訴機制；另建請勞動部對建教合作對象加強勞檢，以避免實習生超時工作，解決實習生過勞問題，保障學生在校外工作權益，請公決案。,http://lci.ly.gov.tw/LyLCEW/agenda/provisionalBill/09/03/03-1060307/0903031060307_009.pdf,0903,
09,03,02,,3,本院委員蔣乃辛等21人臨時提案，有鑑於農曆年後臺灣降雨量較往年銳減，造成全台水情吃緊；根據經濟部資料顯示，台灣部分水庫淤積嚴重，目前全國水庫平均淤積量約30%，最嚴重是霧社水庫，淤積量高達69.68%，這些淤積的土石嚴重影響原水庫的蓄水量及其使用壽命；另外水庫清淤數量與速度，仍遠不及淤積速度，導致水庫蓄水能力每況愈下，也是台灣缺水的原因之一。為徹底解決缺水問題，本席等要求行政院在枯水期，加速水庫的清淤工程，還原水庫原設計的蓄水量，並有效利用清淤出的砂石，請公決案。,http://lci.ly.gov.tw/LyLCEW/agenda/provisionalBill/09/03/02-1060224/0903021060224_003.pdf,0903,
09,03,02,,4,本院委員鄭寶清、蔡易餘、莊瑞雄、蘇震清等13人臨時提案，鑒於我國自1996年總統直接民選以來，已邁向民主國家行列，然而轉型正義卻沒有隨著民主化之發展等比例成長。目前我國仍有許多大專院校以及各高級中等以下學校於校園內設置蔣介石銅像。蔣介石是典型的獨裁者，和希特勒、莫索里尼、毛澤東相提並論為人權侵害者，美國政治學者甚至將蔣介石列為20世紀殺人魔第4名，包括在台灣製造二二八事件以及白色恐怖，造成上百萬人無辜受害。事實上，蔣介石銅像之設置根本沒有法源依據，我國每年二月二十八日訂為和平紀念日，目的便是要落實歷史教育、撫平歷史傷痛，並促進族群融合，因此，本席要求行政院、教育部依法要求各級學校拆除蔣介石銅像，真正落實歷史教育，請公決案。,http://lci.ly.gov.tw/LyLCEW/agenda/provisionalBill/09/03/02-1060224/0903021060224_004.pdf,0903,
09,03,02,,5,本院委員徐志榮等15人臨時提案，有鑑於今年12月6日立法院三讀通過勞動基準法修正案，總統府亦於12月21日正式公告，其中明確訂定休息日的法定地位以落實週休2日，使事業單位不可再用調整單週工時的方式，規避應給勞工休息日的加班費；同時為了節制事業單位頻繁要求勞工於休息日出勤，除休息日當天工資照給外，加班費倍率較國定假日出勤倍率更高。另106年1月1日起將實施之新制特休假，亦新修正六個月以上一年未滿者之勞工得享有三日特休假。本院公費助理協助立委問政，故立法院公費助理勞動權益政府亦應予以重視，且依照勞動部89年3月9日台89勞動一字第0009281號公告，民意代表聘（遴）、僱用之助理人員，自公告日起適用勞動基準法，故公費助理亦享有勞基法所保障之權益。為因應新修正勞動基準法，本院對於助理加班時數、加班費、特別休假日之規定亦應相對應修正，且依同法第39條所衍生之相關支出，建議立法院亦應以第二預備金支應，以落實修法目的並維護公費助理權益，請公決案。,http://lci.ly.gov.tw/LyLCEW/agenda/provisionalBill/09/03/02-1060224/0903021060224_005.pdf,0903,
09,03,02,,6,本院委員黃偉哲等11人臨時提案，鑒於販賣生鮮食品之投幣式販賣機與智慧物流取貨櫃興起，但目前無人販賣機之衛生法規尚未制定，為防民眾買到生菌數超標商品引發疾病，為此，建請衛福部等相關主管單位加強稽查並提供負責廠商資訊等標示，以維護消費者的健康安全，請公決案。,http://lci.ly.gov.tw/LyLCEW/agenda/provisionalBill/09/03/02-1060224/0903021060224_006.pdf,0903,
09,03,02,,7,本院委員賴士葆等12人臨時提案，查隨著人口老化與罹患慢性疾病比例增加，促使民眾對慢性病連續處方箋（以下簡稱慢箋）需求量日增；惟七成五醫院慢箋開出率未達衛生署標準，且民眾若不幸遺失了慢箋，仍需再跑一趟醫院請醫生重開，對長者及行動不便等就醫弱勢而言，實有取藥方便性未臻完善及藥費支出浪費之缺。此外，健保雲端藥歷系統透過結合雲端科技技術，讓民眾用藥紀錄妥適發揮大數據應用之效益，據查104年健保藥費支出因此減少新臺幣104億元。因此，為因應社會結構改變、撙節健保開支，爰提案要求行政院及其相關單位，應研議將慢箋雲端化/電子化，以提供醫院慢箋開立誘因，減少藥費支出浪費，請公決案。,http://lci.ly.gov.tw/LyLCEW/agenda/provisionalBill/09/03/02-1060224/0903021060224_007.pdf,0903,
09,03,02,,8,本院委員曾銘宗等12人臨時提案，鑒於學貸已成為莘莘學子沉重負擔，建議行政院半年內提出減輕學貸壓力方案，請公決案。,http://lci.ly.gov.tw/LyLCEW/agenda/provisionalBill/09/03/02-1060224/0903021060224_008.pdf,0903,
09,03,03,,1,本院委員吳志揚、徐榛蔚、黃昭順、蔣萬安等11人臨時提案，有鑑於特殊教育法第18條已明定特殊教育與相關服務措施提供與設施設置，以確保身心障礙者受教之權利。惟國內高級中等學校中仍有部分並未依法設立適當之無障礙設施，據統計截至105年8月底，171所國立高級中等學校中應設置無障礙設施而未設置者尚有105所，所需設置無障礙設施計有1939項，明顯未顧及身障者之受教權，亟需進行督導並要求改善，故此建請政府相關單位，針對公私立高級中等學校進行校園無障礙設施總體檢，並限期提出改善方案，請公決案。,http://lci.ly.gov.tw/LyLCEW/agenda/provisionalBill/09/04/04-1061017/0904041061017_003.pdf,0903,
09,03,03,,2,本院委員曾銘宗等15人臨時提案，鑒於我國未來面臨人口負成長衝擊，住宅數量已供過於求，須進一步檢討推動中之社會住宅政策，請公決案。,http://lci.ly.gov.tw/LyLCEW/agenda/provisionalBill/09/03/03-1060307/0903031060307_002.pdf,0903,
09,03,03,,3,本院委員簡東明等14人臨時提案，鑑於國道五號日前發生蝶戀花遊覽大客車翻覆，造成33人死亡悲劇，但勞動部、交通部兩單位卻對於「勞基法」、「汽車運輸管理規則」規定之「工時」定義「不同調」，造成業者自行將「手握方向盤10小時」解釋為工時，變相「使大客車駕駛延長工時合法化」，未把車輛清潔、檢查等備勤列入工時。但因「勞基法」法律位階高於行政規則「汽車運輸管理規則」因此，本席爰提案要求政府應優先落實勞基法規定，避免再度產生「血汗駕駛」問題，請公決案。,http://lci.ly.gov.tw/LyLCEW/agenda/provisionalBill/09/03/08-1060411/0903081060411_005.pdf,0903,
09,03,03,,4,本院委員江啟臣等14人臨時提案，有鑑於近年毒品氾濫問題已不僅是一級毒品，最嚴重在於三級、四級毒品對社會之危害，檢討現行法制規定，持有與施用「20公克」以下的三級、四級毒品目前並無刑責，荷蘭軟性毒品合法化的國家，但是其合法的持有量僅5公克，相較之下，我國訂定的持有與施用標準過於寬鬆，又長期施用或持有未逾刑罰標準20公克以下三級、四級毒品的慣犯、累犯，現行法上也沒有加重處罰的規定，不啻為防制毒品之一大漏洞。爰此，要求行政院應立即檢討現行三、四級毒品之管制措施，並研議成立專責的緝毒單位，以積極解決毒品氾濫問題，請公決案。,http://lci.ly.gov.tw/LyLCEW/agenda/provisionalBill/09/03/03-1060307/0903031060307_004.pdf,0903,
09,03,03,,5,本院委員張麗善等12人臨時提案，有鑑於司法改革國是會議首場分組會議於2月20日結束，會中標舉「全民信賴公正專業的司法」，會中不乏大法官、律師、法學教授等法界代表性人士針對司法改革提出許多建言，但未曾提及的基層民眾的訴訟文書送達權益，卻可能已遭國家侵害，全國地檢署多年來便宜行事，將開庭通知、傳票等涉及當事人權利義務甚鉅的司法文書由「平信」寄出，當事人未及時收到檢察署通知，而遭拘提甚至通緝，司改會議成為一大諷刺。爰建請行政院應盡速檢討攸關民眾切身利益的「開庭通知」、「傳票」、「行政簽結」等重要司法文書因預算有限，以平信寄出之政策，應保證送達各類司法文書並編列足額預算，以維民眾基本司法權益，請公決案。,http://lci.ly.gov.tw/LyLCEW/agenda/provisionalBill/09/03/03-1060307/0903031060307_005.pdf,0903,
09,03,03,,6,本院委員賴士葆等18人臨時提案，根據交通部警政署資料統計，近3年發生二次追撞的A1事故件數高達39件，而高速公路交通事故肇事型態件數統計亦指出，車與車間事故約佔總事故之9成，且以「追撞」比例最高。惟在國外（如歐洲、北美、日本、中國大陸等），均已立法藉由科技輔助大幅減少人為操作錯誤發生，以減低交通意外致死率及事故傷害，更凸顯國內對駕駛監控車體之相關規範未臻完善。因此，有鑑於各國對於車輛安全防護系統的規定日漸充足，爰提案要求行政院及其相關單位，應研議強制自動剎車裝置作為新車標準配備，以降低交通意外的產生，請公決案。,http://lci.ly.gov.tw/LyLCEW/agenda/provisionalBill/09/03/03-1060307/0903031060307_006.pdf,0903,
09,03,03,,7,本院委員李彥秀等11人臨時提案，鑒於全民健康保險之社會保險性格，使弱勢者分擔其無法單獨承受之風險，為其重要之存在目的。惟倘全民健康保險給付改採論人計酬，恐將使風險計算過度侷限於小區域，致喪失風險重分配之功能，更令服務成本與給付脫鉤，而有違背全民健康保險法規定之疑慮。爰建請行政院於一個月內審視論人計酬之利弊，並參酌比較法上之經驗，重行檢討論人計酬制度於我國應如何實踐，請公決案。,http://lci.ly.gov.tw/LyLCEW/agenda/provisionalBill/09/03/03-1060307/0903031060307_007.pdf,0903,
09,03,03,,8,本院委員蔣乃辛等17人臨時提案，針對10多天前空軍基地內被查獲20多包二級毒品安非他命，但毒品數量從27包、40多包、51包，一路飆升到53包；而案發後軍方尿液篩檢2303人，迄今仍有252人尚未篩檢，檢方指出已過10天的黃金篩檢期，到底有多少人吸毒，真相已失；另外基地查獲的是二級毒品，篩檢後有26人呈現陽性反應，其中有八名官兵呈現疑似一級毒品（嗎啡、鴉片、海洛因等）的陽性反應，等於再爆新案，吸毒刑度也從三年以下提升到五年以下。綜觀前述案情，顯示軍中販毒、吸毒問題嚴重，及軍方篩檢不實與管制鬆散。為維護國軍形象及維持戰力，本席要求行政院儘速提出有效遏止國軍吸毒、販毒對策，請公決案。,http://lci.ly.gov.tw/LyLCEW/agenda/provisionalBill/09/03/03-1060307/0903031060307_008.pdf,0903,
09,03,03,,9,本院委員王育敏等11人臨時提案，有鑑於日前發生學生在校外實習工作期間，被要求超時工作，且自請離職後，被老闆要求損害賠償，明顯侵害學生之權益，使實習生淪為血汗勞工，顯見教育部、勞動部對實習生建教合作之工作內容缺乏有效監督。爰建請教育部盤點建教合作現況，定期對其產業類別進行指導與檢討，以淘汰不適任之合作對象，並改善現有申訴機制；另建請勞動部對建教合作對象加強勞檢，以避免實習生超時工作，解決實習生過勞問題，保障學生在校外工作權益，請公決案。,http://lci.ly.gov.tw/LyLCEW/agenda/provisionalBill/09/03/03-1060307/0903031060307_009.pdf,0903,
09,03,03,,10,本院委員李昆澤、劉世芳、賴瑞隆、陳其邁等17人臨時提案，鑑於郵輪觀光已是國際觀光的新興趨勢，尤其是亞洲地區每年都有7至9%的高成長，帶來龐大的觀光商機。高雄港位居東亞航線的中心，相當適合發展郵輪觀光，過去數年也有高成長表現，惟2016年卻大幅衰退，爰此，要求交通部督促觀光局、臺灣港務公司協同地方政府積極推廣郵輪觀光，包含檢討相關港口收費機制，擬定差別費率並簡化相關簽證流程，以吸引國際郵輪進駐高雄港，發展南臺灣的觀光產業，請公決案。,http://lci.ly.gov.tw/LyLCEW/agenda/provisionalBill/09/03/03-1060307/0903031060307_010.pdf,0903,
09,03,03,,11,本院委員顏寬恒等20人臨時提案，有鑑於現行「入出國及移民法」第三十一條規定，外籍配偶一旦與我國國民離婚，如沒有取得在臺灣地區已設有戶籍未成年親生子女監護權，亦即，如果沒有小孩或小孩已年滿二十歲，外籍媽媽將遭廢止居留許可，而被驅逐出境。為此，不斷有無助之單親外籍媽媽遭強制離境。為營造國際友善環境，並兼顧人權，爰建議行政院相關部會儘速檢討修正，以保障外籍配偶及其小孩之人權，請公決案。,http://lci.ly.gov.tw/LyLCEW/agenda/provisionalBill/09/03/04-1060314/0903041060314_013.pdf,0903,
09,03,03,,12,本院委員羅明才等11人臨時提案，鑒於陸客來台人數減少，以及新政府大力推動新南向政策「擴大觀光客來臺」打算積極開發東南亞旅客來臺。爰此本席要求行政院即時檢討交通部觀光局暨各縣市政府觀光事業單位正在興建中或規劃中之觀光開發計畫等建設是否與觀光新南向政策契合；並要求各觀光建設主管機關因應陸客來台人數減少之事實，檢討縮減或暫緩觀光建設之規劃，以免興建更多「蚊子館」式的觀光設施，請公決案。,http://lci.ly.gov.tw/LyLCEW/agenda/provisionalBill/09/03/04-1060314/0903041060314_014.pdf,0903,
09,03,03,,13,本院委員盧秀燕等11人臨時提案，有鑑於觀光客的長途旅行經常搭乘台鐵。然而，長時間的旅途中，若沒有iTaiwan無線網路的熱點可以使用，實為不便。爰此，本席建請行政院研擬在台鐵車廂設置iTaiwan網路熱點，提供便利的無線上網環境，讓台鐵有更好的服務品質，以利於我國觀光業發展，請公決案。,http://lci.ly.gov.tw/LyLCEW/agenda/provisionalBill/09/03/03-1060307/0903031060307_013.pdf,0903,
09,03,03,,14,本院委員吳琪銘、莊瑞雄等13人臨時提案，鑒於「消防、海巡、空中勤務、入出國移民及航空測量機關專業人員危險職務加給表」，試辦期已於105年12月31日屆滿。在行政院未為續辦決策前，消防人員等之危險職務加給將中斷，但災害之發生難測，消防人員卻仍天天面對勤務危險，沒有空窗期。爰此，建請行政院應迅即釐清空窗期之疑義，並主動和各直轄市政府，研議出危險職務加給仍能持續按月發放之解決方案，以保障消防人員等之權益，請公決案。,http://lci.ly.gov.tw/LyLCEW/agenda/provisionalBill/09/03/03-1060307/0903031060307_014.pdf,0903,
09,03,03,,15,本院委員黃偉哲等11人臨時提案，鑑於網路交易興起，我國行動裝置普及，交易平台眾多，但各業者對於使用者註冊資訊要求不一，部分甚至無須查驗註冊者之地址電話，使用者如在平台上遭遇詐騙，恐無法求償，為避免交易糾紛，建請行政院經濟部等相關主管機關，對於此類交易平台之使用者註冊資訊應擬定規範及範本，以保障民眾權益，請公決案。,http://lci.ly.gov.tw/LyLCEW/agenda/provisionalBill/09/03/03-1060307/0903031060307_015.pdf,0903,
09,03,03,,16,本院委員林德福等14人臨時提案，有鑒於信號彈發射後，溫度約千度，威力驚人，若近距離朝人射擊，可能致人死傷，尋常百姓並不會家家戶戶持有。「信號彈無管制，人人皆可買」，政府未對信號彈加以管制，造成任何人可輕易取得，價格又便宜，形成另類「武器滿街跑」怪象。犯罪份子、飆車族以信號彈作為攻擊、恐嚇武器，類似案件不斷出現在社會新聞版面，已對社會秩序與公共安全已造成危害。104年信號彈攻擊事件大幅增加，平均每月發生3件，本席建請行政院應立即檢討，防範信號彈攻擊事件再次發生，保障人民生命及財產安全，請公決案。,http://lci.ly.gov.tw/LyLCEW/agenda/provisionalBill/09/03/03-1060307/0903031060307_016.pdf,0903,
09,03,03,,17,本院委員高潞‧以用‧巴魕剌Kawlo．Iyun．Pacidal等12人臨時提案，有鑒於日前蝶戀花旅行社賞櫻團重大車禍事件，遊覽車司機家屬與其他從業人員表示，遊覽車司機必須長時工作，於風景區亦必須留在車上等待乘客，長期下來會累積身體疲勞、造成注意力不集中，致行車不安全。爰此，建請交通部研擬於人車流量較多之風景區設立遊覽車司機休息室，保障遊覽車司機權益，以確保行車安全，請公決案。,http://misq.ly.gov.tw/MISQ/docu/201703/1060307089900900_030718481.doc,0903,
09,03,04,,1,本院委員曾銘宗等13人臨時提案，鑒於近年校園毒品氾濫問題日益嚴重，為維護學生身心健康，建請教育部研擬強化防制校園毒品計畫，請公決案。,http://lci.ly.gov.tw/LyLCEW/agenda/provisionalBill/09/03/04-1060314/0903041060314_001.pdf,0903,
09,03,04,,2,本院委員簡東明等14人臨時提案，鑑於國道五號日前發生蝶戀花遊覽大客車翻覆，造成33人死亡悲劇，但勞動部、交通部兩單位卻對於「勞基法」、「汽車運輸管理規則」規定之「工時」定義「不同調」，造成業者自行將「手握方向盤10小時」解釋為工時，變相「使大客車駕駛延長工時合法化」，未把車輛清潔、檢查等備勤列入工時。但因「勞基法」法律位階高於行政規則「汽車運輸管理規則」因此，本席爰提案要求政府應優先落實勞基法規定，避免再度產生「血汗駕駛」問題，請公決案。,http://lci.ly.gov.tw/LyLCEW/agenda/provisionalBill/09/03/08-1060411/0903081060411_005.pdf,0903,
09,03,04,,3,本院委員李彥秀等11人臨時提案，鑒於長期照顧服務法施行在即，其目的固然係為確保照顧及支持服務品質，發展普及、多元及可負擔之服務，然就養服務與就醫服務實無從截然分離，醫療照護得有效避免失能或過早、非必要入住長期照護機構，抑或預防非必要再入院，甚透過如牙醫師、藥師等加入長期照顧服務，更可有效提升整體照顧品質。爰建請行政院於一個月內研議醫養合一如何落實於長期照顧服務制度，俾利民眾獲得妥善之全人、全程醫療照護，請公決案。,http://lci.ly.gov.tw/LyLCEW/agenda/provisionalBill/09/03/04-1060314/0903041060314_003.pdf,0903,
09,03,04,,4,本院委員廖國棟等11人臨時提案，鑒於農業缺工嚴重，中央政府補助地方政府成立「農事服務團」應急，但對聘用「農務人員」的設限須為失業者，實際運作結果，對改善缺工效果有限。爰此，要求行政院應召開跨部會溝通，研議農務人員應召募在地或鄰近鄉鎮的新農村勞動力，包括婦女、新住民、原住民等，只要有意願投入農業，接受基礎的農事技能訓練後，即可上工，除提供當地居民工作機會外，也才能紓解農村缺工的情形，請公決案。,http://lci.ly.gov.tw/LyLCEW/agenda/provisionalBill/09/04/07-1061107/0904071061107_001.pdf,0903,
09,03,04,,5,本院委員王育敏等12人臨時提案，有鑑於空氣品質不佳且日益嚴重，以105年10月為例，台中曾連續四天空污都達到紫爆等級，8個監測站達到最上限程度，均已超過台中火力發電廠協議降載標準，惟台中火力發電廠以全台用電吃緊拒絕降載，顯見我國對於改善空污之決策力及跨部會間之協調不佳。爰建請環保署會同經濟部，針對空污問題研議「季節性管制方案」，並針對加嚴管制或配合降載等措施，擬定全國一致性之標準作業流程，以解決我國空污問題，保障人民健康，請公決案。,http://lci.ly.gov.tw/LyLCEW/agenda/provisionalBill/09/03/05-1060321/0903051060321_010.pdf,0903,
09,03,04,,6,本院委員江啟臣等13人臨時提案，有鑑於南北長程運輸往來的流量因應地區發展而變多，本是不可改變的趨勢，國道一號面臨部分路段幾乎每天不分時段車流壅塞，交通部必須設法將車流減壓分流才是治本之道。目前國道一號平日塞車最嚴重的區段包括北部的新竹至湖口頭份，及中部的豐原至彰化埔鹽一帶。北部區段有執政黨委員號召將五楊高架道路延伸至頭份，交通部立即回應可以列入行政院前瞻基礎建設計畫的可行性評估，但同樣迫切的中部塞車問題，卻被長期漠視，行政院對此提案置之不理，讓人不禁懷疑，難道解決民眾塞車問題的國家交通建設也分藍綠？前瞻基礎建設計畫是國家整體基礎建設的發展規劃，規劃需求應本於專業提出整體性之考量，將問題自根本解決，方名符其實。爰此，提案要求行政院於規劃前瞻基礎建設計畫時，應將國道一號目前交通壅塞嚴重情形列入考量，綜合評估五楊高架道路延伸至新竹、苗栗，及興建國道一號后里至彰化高架道路之可行性，一致性地解決國道一號於北部及中部區段長期之交通阻塞問題，請公決案。,http://lci.ly.gov.tw/LyLCEW/agenda/provisionalBill/09/03/04-1060314/0903041060314_006.pdf,0903,
09,03,04,,7,本院委員吳志揚、徐榛蔚、黃昭順、蔣萬安等11人臨時提案，有鑑於特殊教育法第18條已明定特殊教育與相關服務措施提供與設施設置，以確保身心障礙者受教之權利。惟國內高級中等學校中仍有部分並未依法設立適當之無障礙設施，據統計截至105年8月底，171所國立高級中等學校中應設置無障礙設施而未設置者尚有105所，所需設置無障礙設施計有1939項，明顯未顧及身障者之受教權，亟需進行督導並要求改善，故此建請政府相關單位，針對公私立高級中等學校進行校園無障礙設施總體檢，並限期提出改善方案，請公決案。,http://lci.ly.gov.tw/LyLCEW/agenda/provisionalBill/09/04/04-1061017/0904041061017_003.pdf,0903,
09,03,04,,8,本院委員孔文吉等11人臨時提案，鑑於民國90年起停辦原住民警察專班後，在原鄉服務之原住民警員逐漸凋零且造成斷層。近年警察特種考試，錄取率低且競爭激烈，以105年為例，警察專科學校總共錄取2280位新生，具原住民身分錄取的人數僅76人（自行考取40名，保障2%增額36名），錄取率為9.5%，原住民警專錄取人數與錄取率遠低於一般生的平均值。爰此，現行原住民員警增額2%的制度無法積極發揮培育原住民警員的功能，為使原住民青年投入警界，使其有機會能返回部落服務鄉里，建請行政院責成警政署及臺灣警察專科學校，恢復辦理「原住民警員專班」以招收原住民學子。原住民警員在部落服務，可基於其與族人共通之文化背景以拉近兩者間之關係，不僅有助於勤務之執行亦備受族人肯定，請公決案。,http://lci.ly.gov.tw/LyLCEW/agenda/provisionalBill/09/03/04-1060314/0903041060314_008.pdf,0903,
09,03,04,,9,本院委員賴士葆等16人臨時提案，查近年台灣觀光遊覽車接連傳出重大車禍意外，如去年陸客團國道火燒車事件、今年蝶戀花賞櫻團超速翻覆車禍，均引起國際相關媒體關注，也延燒到外國旅客對台灣的觀光信心。然而，社會各界興起檢討聲浪，明確指出國內對觀光遊覽車駕駛人的工時完全沒有管制，任由旅行業者安排，亦凸顯駕駛工時管理及出車前例行檢測的成效不彰，形同在高速公路上埋下不定時炸彈，不但容易造成交通意外事故，更會殃及無辜的乘客與其他駕駛人。有鑑於此，為確保觀光客安全上路、平安回家，挽救台灣觀光業形象，爰提案要求行政院及其相關單位，應統籌檢討國內觀光遊覽車安全問題，實施觀光遊覽車交通安全履歷（包括車輛及司機履歷），並定期公告在網站，俾提供消費者正確資訊，請公決案。,http://lci.ly.gov.tw/LyLCEW/agenda/provisionalBill/09/03/04-1060314/0903041060314_009.pdf,0903,
09,03,04,,10,本院委員蔣乃辛等19人臨時提案，根據法務部資料發現，近4年青少年（含18-23歲青年及12-17歲少年）詐騙嫌疑人數從102至105年分別是6742人、6826人、8440人及13634人，4年增加2.1倍；而內政部資料顯示，青少年詐騙受害人數從102至105年分別是5435人、7972人、8377人及9308人，4年增加1.7倍。上述資料中青少年的詐騙嫌疑人及受害者每年都在增加，且年齡層也持續下降，而負責輔導的官警反應是基層法治教育嚴重不足所致，他們完全不知詐騙的嚴重性及如何防止被騙，充分暴露學校法治教育的失敗與不足。為預防青、少年學生被騙，及遏止詐騙案嫌疑人年輕化之趨勢，本席要求行政院儘速提出有效防杜對策，請公決案。,http://lci.ly.gov.tw/LyLCEW/agenda/provisionalBill/09/03/04-1060314/0903041060314_010.pdf,0903,
09,03,04,,11,本院委員黃偉哲等11人臨時提案，鑒於去年中秋連假因颱風侵襲，民眾必須於家中防災，使得連假並未發揮與民休息之功能，而前一週已進行補班也令民眾更加疲憊。如若補班規定因故而造成人民困擾，實非國家之福。爰建請行政院調整彈性休假及補行上班之規定，保障民眾保留完整休息時間之權利，請公決案。,http://lci.ly.gov.tw/LyLCEW/agenda/provisionalBill/09/03/04-1060314/0903041060314_011.pdf,0903,
09,03,04,,12,本院委員盧秀燕等11人臨時提案，有鑑於塑膠軟質桌墊為學童與辦公室常用之事務文具用品，然依經濟部標檢局隨機檢測20件塑膠軟質桌墊，其中4件塑化劑含量不符標準，含量為16.4%至23.5%之間，超過國家標準0.1%限量值要求。磷苯二甲酸酯類塑化劑長期將干擾正常內分泌系統的平衡及功能；爰此，本席建請行政院儘速改善塑膠軟質桌墊之品質安全性，避免影響民眾的身體健康，請公決案。,http://lci.ly.gov.tw/LyLCEW/agenda/provisionalBill/09/04/02-1061003/0904021061003_008.pdf,0903,
09,03,04,,13,本院委員顏寬恒等20人臨時提案，有鑑於現行「入出國及移民法」第三十一條規定，外籍配偶一旦與我國國民離婚，如沒有取得在臺灣地區已設有戶籍未成年親生子女監護權，亦即，如果沒有小孩或小孩已年滿二十歲，外籍媽媽將遭廢止居留許可，而被驅逐出境。為此，不斷有無助之單親外籍媽媽遭強制離境。為營造國際友善環境，並兼顧人權，爰建議行政院相關部會儘速檢討修正，以保障外籍配偶及其小孩之人權，請公決案。,http://lci.ly.gov.tw/LyLCEW/agenda/provisionalBill/09/03/04-1060314/0903041060314_013.pdf,0903,
09,03,04,,14,本院委員羅明才等11人臨時提案，鑒於陸客來台人數減少，以及新政府大力推動新南向政策「擴大觀光客來臺」打算積極開發東南亞旅客來臺。爰此本席要求行政院即時檢討交通部觀光局暨各縣市政府觀光事業單位正在興建中或規劃中之觀光開發計畫等建設是否與觀光新南向政策契合；並要求各觀光建設主管機關因應陸客來台人數減少之事實，檢討縮減或暫緩觀光建設之規劃，以免興建更多「蚊子館」式的觀光設施，請公決案。,http://lci.ly.gov.tw/LyLCEW/agenda/provisionalBill/09/03/04-1060314/0903041060314_014.pdf,0903,
09,03,04,,15,本院委員柯志恩、陳學聖等14人臨時提案，鑑於少年矯正機構及矯正學校常有人數過多、資源不足且未能個別化因材施教等問題，且少年矯正機構及矯正學校隸屬於法務部，但教育事務受教育部督導，行政結構分立，以致部分問題無法有效解決，矯正教育是否能達成原訂「矯正少年不良習性，使其悔過自新；授予生活智能，俾能自謀生計」之目的，欠缺相關評估與研究，難以了解施行成果。爰此，建請法務部協調科技部研擬矯正教育成效之研究，並追蹤評估離院及離校青少年之動態，請公決案。,http://lci.ly.gov.tw/LyLCEW/agenda/provisionalBill/09/03/04-1060314/0903041060314_015.pdf,0903,
09,03,04,,16,本院委員林德福、江啟臣等12人臨時提案，有鑑於交通安全防護設施之目的係為降低車輛意外衝出車道或防範意外事故之發生，106年2月13日國道五號接國道三號彎道處發生遊覽車翻覆重大意外事件，造成多人傷亡，顯示車輛入彎過快，彎道即存在發生嚴重傷亡風險。本席認為「人命關天、安全無價」，高速公路與快速道路彎道應加強「碰撞緩衝設施」，降低車輛翻落護欄意外發生，爰提案要求交通部應重新檢討高速公路與快速道路彎道易生車輛翻覆之危險路段，並向立法院交通委員會進行專案報告，說明潛在危險彎道強化「碰撞緩衝設施」辦理情形，以防患於未然，維護民眾駕車、乘車旅客及其他用路人的安全，請公決案。,http://lci.ly.gov.tw/LyLCEW/agenda/provisionalBill/09/03/04-1060314/0903041060314_016.pdf,0903,
09,03,04,,17,本院委員高潞‧以用‧巴魕剌Kawlo．Iyun．Pacidal等11人臨時提案，鑒於「原住民族土地或部落範圍土地劃設辦法」中對於傳統領域之定義僅限於公有土地，有違原住民族傳統領域之概念，亦嚴重違反原住民族之主體性，有重新檢討之必要。爰建請行政院命原住民族委員會撤回前揭劃設辦法，廣納族人意見重行檢討，請公決案。,http://lci.ly.gov.tw/LyLCEW/agenda/provisionalBill/09/03/04-1060314/0903041060314_017.pdf,0903,
09,03,05,,1,本院委員吳志揚、徐榛蔚、黃昭順、蔣萬安等11人臨時提案，有鑑於特殊教育法第18條已明定特殊教育與相關服務措施提供與設施設置，以確保身心障礙者受教之權利。惟國內高級中等學校中仍有部分並未依法設立適當之無障礙設施，據統計截至105年8月底，171所國立高級中等學校中應設置無障礙設施而未設置者尚有105所，所需設置無障礙設施計有1939項，明顯未顧及身障者之受教權，亟需進行督導並要求改善，故此建請政府相關單位，針對公私立高級中等學校進行校園無障礙設施總體檢，並限期提出改善方案，請公決案。,http://lci.ly.gov.tw/LyLCEW/agenda/provisionalBill/09/04/04-1061017/0904041061017_003.pdf,0903,
09,03,05,,2,本院委員李彥秀等11人臨時提案，鑒於近日不時傳聞有外國菸商欲在台灣設廠，以及菸商以自由經濟示範區出口獎勵設置菸廠等情形，查菸害防制已屬國際之普遍共識，台灣亦已簽署「菸草控制框架公約」（FCTC），故應依照該公約之精神禁止外國菸商在台設廠或享有優惠措施，請公決案。,http://lci.ly.gov.tw/LyLCEW/agenda/provisionalBill/09/03/05-1060321/0903051060321_002.pdf,0903,
09,03,05,,3,本院委員張麗善等11人臨時提案，有鑑於農水路改善可方便大型機械進出操作，提高農民收益也能改善農村面貌，對改善農路行車安全、促進農村整體發展有顯著效益。惟蔡政府所提出的四年上兆前瞻基礎建設中，雖然被視為林全內閣今年最重要政策，計畫涵蓋軌道、綠能、水環境、數位及城鄉五大面向，卻獨漏重要的農業基礎農水路建設，爰要求行政院應盡速將農水路建設規劃納入前瞻基礎建設計畫之中，加強改善全台農水路基礎設施，以縮短城鄉差距強化農業基礎設施並確保農業永續發展，請公決案。,http://lci.ly.gov.tw/LyLCEW/agenda/provisionalBill/09/03/06-1060328/0903061060328_005.pdf,0903,
09,03,05,,4,本院委員黃偉哲等15人臨時提案，鑑於近年偽藥事件時有所聞，而偽藥對用藥民眾生命安全危害甚大，經查目前國內並無要求藥廠藥商包裝藥物時應有防偽標籤之規定，不利民眾或藥局辨識藥物真偽，爰建請衛生福利部研擬輔導國內藥廠藥商設計各自的防偽標籤，方便民眾或藥局購買藥物時辨識真偽，請公決案。,http://lci.ly.gov.tw/LyLCEW/agenda/provisionalBill/09/03/10-1060425/0903101060425_011.pdf,0903,
09,03,05,,5,本院委員曾銘宗等15人臨時提案，鑒於危險及老舊電梯衍生的危安問題日益嚴重，建請行政院全面檢討電梯檢查制度，請公決案。,http://lci.ly.gov.tw/LyLCEW/agenda/provisionalBill/09/03/05-1060321/0903051060321_005.pdf,0903,
09,03,05,,6,本院委員蔣乃辛等17人臨時提案，有鑑於政府強勢通過一例一休修法後，因為法令及配套措施不完善，造成勞、資、消費者及政府四輸，柯市長嚴厲批評：「一例一休，天怒人怨」。根據調查指出，有逾六成公司預估勞動成本增加，衝擊營運；有三成上班族表示實質薪資縮水，平均減11.3%；另外逾5成民眾反應，一例一休導致物價漲。近日更有超過半數以上的藍綠縣市首長批評，該案地方執法窒礙難行，要求重新檢討該政策與法案。為維護勞工權益，減緩物價上漲及協助未來的經濟成長，本席等要求行政院立即檢討修正，讓勞資及消費者衝擊降到最低，請公決案。,http://lci.ly.gov.tw/LyLCEW/agenda/provisionalBill/09/03/05-1060321/0903051060321_006.pdf,0903,
09,03,05,,7,本院委員賴士葆等18人臨時提案，查據國情統計通報顯示，行動寬頻業務自102年完成釋照後，國內4G用戶數截至105年11月底已突破1764萬戶，較104年底增逾6成，突顯受到行動上網的普及，各電信業者必須持續增建行動電話基地台，以容納更多的行動用戶使用及提供良好的收訊品質，惟目前架設基地臺所面臨的抗爭事件日趨複雜。再者，電信法第32條第5項，訂有中央及地方機關、國營事業管理或所有之土地、建築物提供設置無線電臺之規定，而據通傳會「推動我國公務機關開放土地建物供基地臺建置」資料顯示，自103年9月1日起至105年12月底止，公務機關僅配合釋出454處站點。有鑑於此，為推動公有建物設置基地臺政策，以消弭民眾抗爭基地臺電磁波之疑慮，爰提案要求舉凡受政府預算補助之法人團體，應於半年內釋出建物及土地，供設置行動寬頻業務基地臺，請公決案。,http://lci.ly.gov.tw/LyLCEW/agenda/provisionalBill/09/03/05-1060321/0903051060321_007.pdf,0903,
09,03,05,,8,本院委員簡東明等14人臨時提案，鑑於國道五號日前發生蝶戀花遊覽大客車翻覆，造成33人死亡悲劇，但勞動部、交通部兩單位卻對於「勞基法」、「汽車運輸管理規則」規定之「工時」定義「不同調」，造成業者自行將「手握方向盤10小時」解釋為工時，變相「使大客車駕駛延長工時合法化」，未把車輛清潔、檢查等備勤列入工時。但因「勞基法」法律位階高於行政規則「汽車運輸管理規則」因此，本席爰提案要求政府應優先落實勞基法規定，避免再度產生「血汗駕駛」問題，請公決案。,http://lci.ly.gov.tw/LyLCEW/agenda/provisionalBill/09/03/08-1060411/0903081060411_005.pdf,0903,
09,03,05,,9,本院委員盧秀燕等11人臨時提案，有鑑於塑膠軟質桌墊為學童與辦公室常用之事務文具用品，然依經濟部標檢局隨機檢測20件塑膠軟質桌墊，其中4件塑化劑含量不符標準，含量為16.4%至23.5%之間，超過國家標準0.1%限量值要求。磷苯二甲酸酯類塑化劑長期將干擾正常內分泌系統的平衡及功能；爰此，本席建請行政院儘速改善塑膠軟質桌墊之品質安全性，避免影響民眾的身體健康，請公決案。,http://lci.ly.gov.tw/LyLCEW/agenda/provisionalBill/09/04/02-1061003/0904021061003_008.pdf,0903,
09,03,05,,10,本院委員王育敏等12人臨時提案，有鑑於空氣品質不佳且日益嚴重，以105年10月為例，台中曾連續四天空污都達到紫爆等級，8個監測站達到最上限程度，均已超過台中火力發電廠協議降載標準，惟台中火力發電廠以全台用電吃緊拒絕降載，顯見我國對於改善空污之決策力及跨部會間之協調不佳。爰建請環保署會同經濟部，針對空污問題研議「季節性管制方案」，並針對加嚴管制或配合降載等措施，擬定全國一致性之標準作業流程，以解決我國空污問題，保障人民健康，請公決案。,http://lci.ly.gov.tw/LyLCEW/agenda/provisionalBill/09/03/05-1060321/0903051060321_010.pdf,0903,
09,03,05,,11,本院委員余宛如等16人臨時提案，鑑於行政院為籌措長照財源，已通過「菸酒稅法」部分條文修正草案，擬調高菸捐。此消息一出，國內菸品市場即因預期漲價心理，導致業者囤貨，市場紊亂，投機業者擬利用新舊稅制並存的「調整期間」，以舊稅菸品混充新稅菸品，賺取差額。為遏止此類行為，爰要求行政院應指示財政部，公告全國，於菸酒稅法修正後三個月內，如有適用舊稅之菸品尚未販售完畢者，應立即補繳稅額，始得販售。此外，主管機關應加強查緝，如發現尚有販售舊稅菸品卻未補繳稅額者，應強制回收違法菸品，請公決案。,http://lci.ly.gov.tw/LyLCEW/agenda/provisionalBill/09/03/05-1060321/0903051060321_011.pdf,0903,
09,03,05,,12,本院委員林為洲等13人臨時提案，鑒於我國目前已邁向低生育率社會，而為鼓勵生育，從公教人員保險條例及勞工保險條例皆有生育補助。然而全國軍公教員工待遇支給要點中，亦給予軍公教人員結婚補助，其立意係為鼓勵軍公教人員結婚，但勞工保險中僅有生育補助，尚未有結婚補助，僅有生育補助，對於鼓勵勞工生育似有本末倒置之情形，本席建請中央相關單位研擬於勞工保險條例比照公務人員得請領結婚補助，請公決案。,http://lci.ly.gov.tw/LyLCEW/agenda/provisionalBill/09/03/05-1060321/0903051060321_012.pdf,0903,
09,03,06,,1,本院委員曾銘宗等15人臨時提案，鑒於近年可轉換公司債（下稱可轉債）制度屢遭有心人士濫用，衍生諸多弊端，重創資本市場，爰建請金管會全面檢討可轉債配售等相關制度，並嚴加查辦不法情事，俾利維護金融市場秩序，確保投資人權益，請公決案。,http://lci.ly.gov.tw/LyLCEW/agenda/provisionalBill/09/03/06-1060328/0903061060328_001.pdf,0903,
09,03,06,,2,本院委員李彥秀等12人臨時提案，鑒於財政部公告欲調整關稅法第四十九條第二項之免稅限額，將進口貨品免稅門檻調降至二千元，惟查關稅法第四十九條第二項於民國105年10月修正為進口次數頻繁不適用免稅規定，而財政部業已預告訂定進口次數頻繁之認定原則草案，故若兩預告修正草案之規定均施行後，勢必造成一般民眾網路購物自用之困擾，故建請財政部考量民眾負擔與貨品自用目的之前提下，不宜調降進口貨品免稅門檻，請公決案。,http://lci.ly.gov.tw/LyLCEW/agenda/provisionalBill/09/03/06-1060328/0903061060328_002.pdf,0903,
09,03,06,,3,本院委員簡東明等14人臨時提案，鑑於國道五號日前發生蝶戀花遊覽大客車翻覆，造成33人死亡悲劇，但勞動部、交通部兩單位卻對於「勞基法」、「汽車運輸管理規則」規定之「工時」定義「不同調」，造成業者自行將「手握方向盤10小時」解釋為工時，變相「使大客車駕駛延長工時合法化」，未把車輛清潔、檢查等備勤列入工時。但因「勞基法」法律位階高於行政規則「汽車運輸管理規則」因此，本席爰提案要求政府應優先落實勞基法規定，避免再度產生「血汗駕駛」問題，請公決案。,http://lci.ly.gov.tw/LyLCEW/agenda/provisionalBill/09/03/08-1060411/0903081060411_005.pdf,0903,
09,03,06,,4,本院委員黃偉哲等15人臨時提案，鑑於近年偽藥事件時有所聞，而偽藥對用藥民眾生命安全危害甚大，經查目前國內並無要求藥廠藥商包裝藥物時應有防偽標籤之規定，不利民眾或藥局辨識藥物真偽，爰建請衛生福利部研擬輔導國內藥廠藥商設計各自的防偽標籤，方便民眾或藥局購買藥物時辨識真偽，請公決案。,http://lci.ly.gov.tw/LyLCEW/agenda/provisionalBill/09/03/10-1060425/0903101060425_011.pdf,0903,
09,03,06,,5,本院委員張麗善等11人臨時提案，有鑑於農水路改善可方便大型機械進出操作，提高農民收益也能改善農村面貌，對改善農路行車安全、促進農村整體發展有顯著效益。惟蔡政府所提出的四年上兆前瞻基礎建設中，雖然被視為林全內閣今年最重要政策，計畫涵蓋軌道、綠能、水環境、數位及城鄉五大面向，卻獨漏重要的農業基礎農水路建設，爰要求行政院應盡速將農水路建設規劃納入前瞻基礎建設計畫之中，加強改善全台農水路基礎設施，以縮短城鄉差距強化農業基礎設施並確保農業永續發展，請公決案。,http://lci.ly.gov.tw/LyLCEW/agenda/provisionalBill/09/03/06-1060328/0903061060328_005.pdf,0903,
09,03,06,,6,本院委員李昆澤等14人臨時提案，鑑於少子化時代來臨，政府應營造更友善的育兒環境，惟目前幼兒園多以私立為主，對家長而言經濟負擔沈重，且不利於經濟弱勢的幼兒入學。觀諸歐美先進國家多以公立或非營利幼兒園為主，提供平價且優質的教保服務。臺灣目前有許多閒置的公共設置及校舍空間，應優先規劃為公立及非營利幼兒園，政府也應投入更多資源在幼兒教育公共化上面，以提升整體幼兒教育的素質，請公決案。,http://lci.ly.gov.tw/LyLCEW/agenda/provisionalBill/09/04/01-1060926/0904011060926_003.pdf,0903,
09,03,06,,7,本院委員蔣乃辛等20人臨時提案，針對衛福部監測資料顯示，今年近四週腹瀉門急診統計7至12歲及13至18歲兩年齡呈現上升趨勢，而校園群聚案件也由單週14至23件增加至上週共30件，比去年同期多出約4倍。以北市為例，近4週以來，校園腹瀉通報有202人，相較去年同期58人，飆升近4倍，其中共有11校、51人出現群聚感染。為維護校園飲食及衛生安全，本席要求行政院加強校園營養午餐與飲用水檢測，及落實環境清潔之維護，請公決案。,http://lci.ly.gov.tw/LyLCEW/agenda/provisionalBill/09/03/06-1060328/0903061060328_007.pdf,0903,
09,03,06,,8,本院委員賴士葆等18人臨時提案，根據學者研究調查指出，新北市金山、萬里底下約20公里的位置有岩漿庫，並首度証實大屯火山群是座活火山，一旦爆發，台北市最大將面臨芮氏規模6以上地震，危及北部核電廠安全，讓北台灣步上龐貝城翻版！有鑑於此，加上國內核電廠安全防護強調的是抗地震、防山洪、耐海嘯之能力，未將火山的危險性列入考量標準，恐危及災變事故發生時，核電廠安全系統之防護效能。故為保障民眾身家安全，強化政府對核安全的監測暨管理能力，爰提案要求行政院及其相關單位，應於六個月內對核電廠安全標準增列「火山爆發」項目，同時針對半徑160公里內有火山的核電廠，進行火山爆發可能性的詳細調查與安全評估，請公決案。,http://lci.ly.gov.tw/LyLCEW/agenda/provisionalBill/09/03/06-1060328/0903061060328_008.pdf,0903,
09,03,06,,9,本院委員王育敏、黃昭順、馬文君等11人臨時提案，鑑於美國小兒科學會指出，氣候變遷引起各種公共威脅，包括天災、空氣品質、傳染病等，對於脆弱、低耐受之兒童族群，將造成生理及心理發育上不良影響；因此環境品質文教基金會，於聯合國氣候高峰會上呼籲各會員國為兒童設置氣候教育場館，加強兒童氣候變遷教育，降低氣候變遷對兒童之衝擊。爰建請環保署評估設置氣候變遷與兒童教育永久場館之可行性，並會同教育部加強兒童氣候變遷教育，以降低兒童受害風險，保障我國兒童生存及發展權利，請公決案。,http://lci.ly.gov.tw/LyLCEW/agenda/provisionalBill/09/03/06-1060328/0903061060328_009.pdf,0903,
09,03,06,,10,本院委員盧秀燕等11人臨時提案，有鑑於塑膠軟質桌墊為學童與辦公室常用之事務文具用品，然依經濟部標檢局隨機檢測20件塑膠軟質桌墊，其中4件塑化劑含量不符標準，含量為16.4%至23.5%之間，超過國家標準0.1%限量值要求。磷苯二甲酸酯類塑化劑長期將干擾正常內分泌系統的平衡及功能；爰此，本席建請行政院儘速改善塑膠軟質桌墊之品質安全性，避免影響民眾的身體健康，請公決案。,http://lci.ly.gov.tw/LyLCEW/agenda/provisionalBill/09/04/02-1061003/0904021061003_008.pdf,0903,
09,03,06,,11,本院委員江啟臣等19人臨時提案，有鑑於去年冬季至今氣候異常，連續幾波高、低溫讓三月正值開花結果的新社桃花該開未開，著果率不到3成，由於行政院農委會認定此為暖冬所害，非天然災害救助辦法規定天然災害類型，故無法列為天然災害救助項目，使農民血本無歸。全球暖化現象持續惡化，氣候異常頻仍，暖冬近年已成為農作物生長障礙之主因，有將之列為天然災害類型之必要。爰此，要求行政院儘速修正天然災害救助辦法，將暖冬列為天然災害，使農民若因此而受災，得依法申請現金救助，儘速恢復生產，以達農業發展條例立法之本意，請公決案。,http://lci.ly.gov.tw/LyLCEW/agenda/provisionalBill/09/03/06-1060328/0903061060328_011.pdf,0903,
09,03,06,,12,本院委員林德福等20人臨時提案，有鑑於「緊急醫療救護法」規定，政府應公告須設置自動體外心臟電擊去顫器（AED）之公共場所。目前，僅高中以上學校必須設置AED。日前有一國小學童上體育課跑步後，突感身體不適昏倒，救護人員趕到現場發現男童心跳停止，緊急施以CPR經搶救後無效，令人遺憾。本席建請行政院應將國小、國中納入應置有自動體外心臟電擊去顫器（AED）之公共場所，以把握患者突然心跳停止的黃金救援時間，立即給予AED電擊搭配施作CPR，增加搶救生命的機會，請公決案。,http://lci.ly.gov.tw/LyLCEW/agenda/provisionalBill/09/03/10-1060425/0903101060425_017.pdf,0903,
09,03,06,,13,本院委員李麗芬等15人臨時提案，為保障兒少權益，對我國境內出生之非本國籍兒少，卻未能取得國籍、戶籍或居留許可者，行政院應針對下列各類狀況建立適當之程序使其權益可獲保障。一、非本國籍兒少，生父母身分不明、行方不明者。為確保兒少權益，應建立機制，儘速由戶政主管機關、移民主管機關與勞工主管機關共同調查。未能尋獲生父母者，即應視為無依兒童，專案核予外僑居留證。二、非本國籍兒少，為非婚生子女且生母身分不明、行方不明者，應儘速進行調查。經調查未能尋獲生母者，若生父為本國籍並經確證為親子關係，得由生父認領。三、非本國籍兒少，為非婚生子女，且生父為本國人者。因未能確認生母婚姻狀況而無法由生父認領者，應由我國外交機關協助確認生母婚姻狀況。四、非本國籍兒少於戶籍登記完成前後或取得居留、定居許可前後，其社會福利服務、醫療照顧、就學權益等事項，均應依兒童及少年福利與權益保障法予以保障，請公決案。,http://misq.ly.gov.tw/MISQ/docu/201703/1060328089900800_032818281.doc,0903,
09,03,06,,14,本院委員周春米等12人臨時提案，鑑於自來水是最重要的民生基礎建設，因此行政院所擬定的「前瞻基礎建設─水環境建設」，特別納入「加強無自來水地區供水改善計畫」。然，據統計，截至105年底，屏東縣全縣供水普及率竟不到五成，縣內供水普及率在三成以下者就占了33個鄉鎮市的三分之一，甚至有無自來水使用之鄉鎮，屏東縣必須加速自來水供水建設之需求，可見一斑。爰要求行政院「加強無自來水地區供水改善計畫」應主動將屏東縣納入優先辦理地區，對於屏東縣所提計畫應優先審核，請公決案。,http://lci.ly.gov.tw/LyLCEW/agenda/provisionalBill/09/03/06-1060328/0903061060328_014.pdf,0903,
09,03,06,,15,本院委員廖國棟等11人臨時提案，鑒於農業缺工嚴重，中央政府補助地方政府成立「農事服務團」應急，但對聘用「農務人員」的設限須為失業者，實際運作結果，對改善缺工效果有限。爰此，要求行政院應召開跨部會溝通，研議農務人員應召募在地或鄰近鄉鎮的新農村勞動力，包括婦女、新住民、原住民等，只要有意願投入農業，接受基礎的農事技能訓練後，即可上工，除提供當地居民工作機會外，也才能紓解農村缺工的情形，請公決案。,http://lci.ly.gov.tw/LyLCEW/agenda/provisionalBill/09/04/07-1061107/0904071061107_001.pdf,0903,
09,03,07,,1,本院委員林德福等20人臨時提案，有鑑於「緊急醫療救護法」規定，政府應公告須設置自動體外心臟電擊去顫器（AED）之公共場所。目前，僅高中以上學校必須設置AED。日前有一國小學童上體育課跑步後，突感身體不適昏倒，救護人員趕到現場發現男童心跳停止，緊急施以CPR經搶救後無效，令人遺憾。本席建請行政院應將國小、國中納入應置有自動體外心臟電擊去顫器（AED）之公共場所，以把握患者突然心跳停止的黃金救援時間，立即給予AED電擊搭配施作CPR，增加搶救生命的機會，請公決案。,http://lci.ly.gov.tw/LyLCEW/agenda/provisionalBill/09/03/10-1060425/0903101060425_017.pdf,0903,
09,03,07,,2,本院委員張麗善等18人臨時提案，有鑑於蔡政府上台之後環保署推出新的空氣品質指標AQI，放寬紫色等級的PM2.5濃度標準，將紫色等級之認定標準從大於70微克/立方公尺提高到大於150微克/立方公尺，等於是將空汙指標上修，濃度大於150微克/立方公尺才算「非常不良」的紫色等級，惟日本和英國的PM2.5指標，其空污濃度超過70微克/立方公尺就是最糟糕的等級，台灣民眾也對空污達「紫爆」等級就必須減少出門或穿戴防護措施有所認知與警覺性，如今指標上修卻疏於宣導空污若達橘警，敏感族群就應避免外出；若達紅害，敏感族群應限制在戶內，一般民眾減少外出。爰要求行政院應責成相關單位全力宣導，避免民眾及幼童囿於過去認知身陷空污危害卻不自知，並研擬AQI指標若達紅害標準，相關火力發電電廠之降載措施，並於今年夏天啟用，以維空氣品質暨民眾健康，請公決案。,http://lci.ly.gov.tw/LyLCEW/agenda/provisionalBill/09/03/10-1060425/0903101060425_007.pdf,0903,
09,03,07,,3,本院委員吳志揚、徐榛蔚、黃昭順、蔣萬安等11人臨時提案，有鑑於特殊教育法第18條已明定特殊教育與相關服務措施提供與設施設置，以確保身心障礙者受教之權利。惟國內高級中等學校中仍有部分並未依法設立適當之無障礙設施，據統計截至105年8月底，171所國立高級中等學校中應設置無障礙設施而未設置者尚有105所，所需設置無障礙設施計有1939項，明顯未顧及身障者之受教權，亟需進行督導並要求改善，故此建請政府相關單位，針對公私立高級中等學校進行校園無障礙設施總體檢，並限期提出改善方案，請公決案。,http://lci.ly.gov.tw/LyLCEW/agenda/provisionalBill/09/04/04-1061017/0904041061017_003.pdf,0903,
09,03,07,,4,本院委員蔣乃辛等20人臨時提案，有鑑於健保署信義第二門診中心在台北市設立數十年，每年診治眾多台北市市民，早已成為地區醫療守護者，但因「健保局」改制為行政機關「健保署」後，面臨存廢的問題，但地方民意強烈要求保留信義門診中心。同時監察院去年底糾正健保署，批評其敷衍應對行政院98.11.10院授研綜09822615137函中所示：「儘速研商臺北聯合門診中心委由相關醫院承接」之意旨，且絲毫未見該署有積極作為，後又以醫院總額利益分配為考量，仍對行政院指示恝置不理，逕採結束營運方式辦理，有嚴重疏失在案。而該門診中心成立多年，北市年長民眾均就近在該門診中心就診與復健，一旦裁撤，這些體弱與行動不便的長者必須到更遠且品質不穩的醫院、診所就醫，勢必影響數萬民眾的就醫權益。今臺灣邁向超高齡化社會，政府應優先保障長者與身障者之復健與就醫權益，本席等強烈要求行政院務必要保留臺北信義門診中心，並依行政院98.11.10院授研綜09822615137函示意旨：「儘速研商臺北聯合門診中心委由相關醫院承接」辦理，請公決案。,http://lci.ly.gov.tw/LyLCEW/agenda/provisionalBill/09/03/08-1060411/0903081060411_012.pdf,0903,
09,03,07,,5,本院委員盧秀燕等11人臨時提案，有鑑於塑膠軟質桌墊為學童與辦公室常用之事務文具用品，然依經濟部標檢局隨機檢測20件塑膠軟質桌墊，其中4件塑化劑含量不符標準，含量為16.4%至23.5%之間，超過國家標準0.1%限量值要求。磷苯二甲酸酯類塑化劑長期將干擾正常內分泌系統的平衡及功能；爰此，本席建請行政院儘速改善塑膠軟質桌墊之品質安全性，避免影響民眾的身體健康，請公決案。,http://lci.ly.gov.tw/LyLCEW/agenda/provisionalBill/09/04/02-1061003/0904021061003_008.pdf,0903,
09,03,07,,6,本院委員賴士葆等17人臨時提案，分析近年金融業、公部門不斷發生駭客攻擊事件，如年初14家券商遭零星DDOS手法攻擊、外交部領務局的1.5萬筆個資遭竊等。而未來金融科技崛起，語音控制、指紋辨識，行動裝置很方便就能進行金融轉帳交易，但一旦遭到資料竊取，後果不堪設想。實際上金融業最在乎作業暨財務風險，無論是既有流程的效率化或是商業模式創新，都應該考量既有控管是否可以有效降低作業與財務或者是信用等風險。根據資安公司賽門鐵克報告指出，台灣是最常被列為攻擊目標的國家之一，顯示台灣資訊安全的整體風險偏高。且有鑑於金管會附屬之銀行、證券、保險等業務所處理資料多涉及民眾個人隱私資料，需優先於各部會有更高層級的資安防護。故為保障民眾個資安全，強化政府機關資安管理能力，爰提案要求金管會附屬機關銀行局、證券期貨局、保險局應於六個月內，全機關通過ISO27001或同等級之資安認證，請公決案。,http://lci.ly.gov.tw/LyLCEW/agenda/provisionalBill/09/03/09-1060418/0903091060418_006.pdf,0903,
09,03,07,,7,本院委員黃偉哲等15人臨時提案，鑑於近年偽藥事件時有所聞，而偽藥對用藥民眾生命安全危害甚大，經查目前國內並無要求藥廠藥商包裝藥物時應有防偽標籤之規定，不利民眾或藥局辨識藥物真偽，爰建請衛生福利部研擬輔導國內藥廠藥商設計各自的防偽標籤，方便民眾或藥局購買藥物時辨識真偽，請公決案。,http://lci.ly.gov.tw/LyLCEW/agenda/provisionalBill/09/03/10-1060425/0903101060425_011.pdf,0903,
09,03,07,,8,本院委員莊瑞雄等11人臨時提案，有鑑於我國正邁向非核家園，現今各核電廠均在計畫退役。為保障我國國土環境安全，退役計畫中均有將核電廠附近環境土壤、氣象、噪音等等自然物質做一測量監測，但在計測計畫中卻獨漏檢測附近居民之輻射量。根據衛生福利部公告之蘭嶼鄉相關的衛生統計資料，如死因統計、癌症登記統計等資訊；初步完成蘭嶼人口學結構以及白血病、甲狀腺癌等四個與輻射高度相關的癌症發生率，均明顯高於其他縣市。衛福部報告中並指出，核廢料所產生放射性物質時，其釋放的方式以及排出的方式，會直接影響到環境，然後在環境不斷的循環中間接傷害到人體，造成人體在健康方面出現一些特有的疾病或是死亡。因此應成立專案計畫，深入觀察放射性物質是否洩漏在蘭嶼附近之任何區域內，使得當地居民間接攝取到這些物質後，於自身累積過量的劑量值，而導致的一些病變或死亡。且由於輻射對健康的影響可能具有遺傳效應，加上輻射的遺傳效應僅發生於具有生育能力的生物或其後代，有鑑於維護我國國民健康及我國生育力，故要求行政院、經濟部應責同相關部會，提出核電廠附近居民長期健康與安全評估及健康流行病學之檢測，請公決案。,http://lci.ly.gov.tw/LyLCEW/agenda/provisionalBill/09/03/10-1060425/0903101060425_016.pdf,0903,
09,03,07,,9,本院委員羅明才等11人臨時提案，鑒於蘇迪勒強颱自2015年8月重創新北市新店區、烏來區等地，其災害造成嚴重的人員傷亡與財產損失。然而，一年半過去了，新店區碧潭攔水壩至今尚未修復完成，如今梅雨季與颱風季節又即將到來。爰此，本席建請行政院盡速補助相關的重建經費，以期在汛期前完成修復，請公決案。,http://lci.ly.gov.tw/LyLCEW/agenda/provisionalBill/09/04/09-1061121/0904091061121_010.pdf,0903,
09,03,08,,1,本院委員曾銘宗等12人臨時提案，鑒於替代役實施以來，近年核配員額範圍一再擴增，已不符合實施條例第三條規定之範圍及政策目的，爰建請內政部於三個月確實檢討，請公決案。,http://lci.ly.gov.tw/LyLCEW/agenda/provisionalBill/09/03/08-1060411/0903081060411_001.pdf,0903,
09,03,08,,2,本院委員李彥秀等14人臨時提案，鑒於目前內科、外科、婦產科、兒科、急診科等人力多有短缺，致醫療服務成本有所提高；另就藥物而言，近年因實施藥品優良運銷規範及電子追蹤與溯源通報系統，亦已提高藥物給付服務之品質，是揆諸全民健康保險法第41條及第42條之意旨，保險給付自應契合服務成本與給付品質方為適法。爰建請行政院儘速研修醫療服務給付與藥物給付等之支付標準，俾符相應提升之醫療品質，請公決案。,http://lci.ly.gov.tw/LyLCEW/agenda/provisionalBill/09/03/08-1060411/0903081060411_002.pdf,0903,
09,03,08,,3,本院委員黃偉哲等15人臨時提案，鑑於近年偽藥事件時有所聞，而偽藥對用藥民眾生命安全危害甚大，經查目前國內並無要求藥廠藥商包裝藥物時應有防偽標籤之規定，不利民眾或藥局辨識藥物真偽，爰建請衛生福利部研擬輔導國內藥廠藥商設計各自的防偽標籤，方便民眾或藥局購買藥物時辨識真偽，請公決案。,http://lci.ly.gov.tw/LyLCEW/agenda/provisionalBill/09/03/10-1060425/0903101060425_011.pdf,0903,
09,03,08,,4,本院委員李昆澤等14人臨時提案，鑑於少子化時代來臨，政府應營造更友善的育兒環境，惟目前幼兒園多以私立為主，對家長而言經濟負擔沈重，且不利於經濟弱勢的幼兒入學。觀諸歐美先進國家多以公立或非營利幼兒園為主，提供平價且優質的教保服務。臺灣目前有許多閒置的公共設置及校舍空間，應優先規劃為公立及非營利幼兒園，政府也應投入更多資源在幼兒教育公共化上面，以提升整體幼兒教育的素質，請公決案。,http://lci.ly.gov.tw/LyLCEW/agenda/provisionalBill/09/04/01-1060926/0904011060926_003.pdf,0903,
09,03,08,,5,本院委員簡東明等14人臨時提案，鑑於國道五號日前發生蝶戀花遊覽大客車翻覆，造成33人死亡悲劇，但勞動部、交通部兩單位卻對於「勞基法」、「汽車運輸管理規則」規定之「工時」定義「不同調」，造成業者自行將「手握方向盤10小時」解釋為工時，變相「使大客車駕駛延長工時合法化」，未把車輛清潔、檢查等備勤列入工時。但因「勞基法」法律位階高於行政規則「汽車運輸管理規則」因此，本席爰提案要求政府應優先落實勞基法規定，避免再度產生「血汗駕駛」問題，請公決案。,http://lci.ly.gov.tw/LyLCEW/agenda/provisionalBill/09/03/08-1060411/0903081060411_005.pdf,0903,
09,03,08,,6,本院委員王育敏等13人臨時提案，鑑於早產兒為國內新生兒第一大死因，占新生兒死亡率八成，且從其出生後的評估追蹤發現，仍有三成的極低體重的孩子需要轉介接受早期療育，目前國健署雖已有提供7歲以下兒童預防保健服務，惟未能涵蓋早產兒所需要之特殊檢查項目。再者，兒童預防保健不具強制性，一旦家長輕忽，易使這些極低體重早產兒錯失治療黃金期。爰建請衛生福利部，建立早產兒之國家型追蹤檢查計畫，採取「主動追蹤、主動通知」，以助其獲得及時且足夠的醫療資源，請公決案。,http://lci.ly.gov.tw/LyLCEW/agenda/provisionalBill/09/03/08-1060411/0903081060411_006.pdf,0903,
09,03,08,,7,本院委員廖國棟等11人臨時提案，鑒於農業缺工嚴重，中央政府補助地方政府成立「農事服務團」應急，但對聘用「農務人員」的設限須為失業者，實際運作結果，對改善缺工效果有限。爰此，要求行政院應召開跨部會溝通，研議農務人員應召募在地或鄰近鄉鎮的新農村勞動力，包括婦女、新住民、原住民等，只要有意願投入農業，接受基礎的農事技能訓練後，即可上工，除提供當地居民工作機會外，也才能紓解農村缺工的情形，請公決案。,http://lci.ly.gov.tw/LyLCEW/agenda/provisionalBill/09/04/07-1061107/0904071061107_001.pdf,0903,
09,03,08,,8,本院委員賴士葆等17人臨時提案，分析近年金融業、公部門不斷發生駭客攻擊事件，如年初14家券商遭零星DDOS手法攻擊、外交部領務局的1.5萬筆個資遭竊等。而未來金融科技崛起，語音控制、指紋辨識，行動裝置很方便就能進行金融轉帳交易，但一旦遭到資料竊取，後果不堪設想。實際上金融業最在乎作業暨財務風險，無論是既有流程的效率化或是商業模式創新，都應該考量既有控管是否可以有效降低作業與財務或者是信用等風險。根據資安公司賽門鐵克報告指出，台灣是最常被列為攻擊目標的國家之一，顯示台灣資訊安全的整體風險偏高。且有鑑於金管會附屬之銀行、證券、保險等業務所處理資料多涉及民眾個人隱私資料，需優先於各部會有更高層級的資安防護。故為保障民眾個資安全，強化政府機關資安管理能力，爰提案要求金管會附屬機關銀行局、證券期貨局、保險局應於六個月內，全機關通過ISO27001或同等級之資安認證，請公決案。,http://lci.ly.gov.tw/LyLCEW/agenda/provisionalBill/09/03/09-1060418/0903091060418_006.pdf,0903,
09,03,08,,9,本院委員張麗善等18人臨時提案，有鑑於蔡政府上台之後環保署推出新的空氣品質指標AQI，放寬紫色等級的PM2.5濃度標準，將紫色等級之認定標準從大於70微克/立方公尺提高到大於150微克/立方公尺，等於是將空汙指標上修，濃度大於150微克/立方公尺才算「非常不良」的紫色等級，惟日本和英國的PM2.5指標，其空污濃度超過70微克/立方公尺就是最糟糕的等級，台灣民眾也對空污達「紫爆」等級就必須減少出門或穿戴防護措施有所認知與警覺性，如今指標上修卻疏於宣導空污若達橘警，敏感族群就應避免外出；若達紅害，敏感族群應限制在戶內，一般民眾減少外出。爰要求行政院應責成相關單位全力宣導，避免民眾及幼童囿於過去認知身陷空污危害卻不自知，並研擬AQI指標若達紅害標準，相關火力發電電廠之降載措施，並於今年夏天啟用，以維空氣品質暨民眾健康，請公決案。,http://lci.ly.gov.tw/LyLCEW/agenda/provisionalBill/09/03/10-1060425/0903101060425_007.pdf,0903,
09,03,08,,10,本院委員羅明才等11人臨時提案，鑒於蘇迪勒強颱自2015年8月重創新北市新店區、烏來區等地，其災害造成嚴重的人員傷亡與財產損失。然而，一年半過去了，新店區碧潭攔水壩至今尚未修復完成，如今梅雨季與颱風季節又即將到來。爰此，本席建請行政院盡速補助相關的重建經費，以期在汛期前完成修復，請公決案。,http://lci.ly.gov.tw/LyLCEW/agenda/provisionalBill/09/04/09-1061121/0904091061121_010.pdf,0903,
09,03,08,,11,本院委員吳志揚、徐榛蔚、黃昭順、蔣萬安等11人臨時提案，有鑑於特殊教育法第18條已明定特殊教育與相關服務措施提供與設施設置，以確保身心障礙者受教之權利。惟國內高級中等學校中仍有部分並未依法設立適當之無障礙設施，據統計截至105年8月底，171所國立高級中等學校中應設置無障礙設施而未設置者尚有105所，所需設置無障礙設施計有1939項，明顯未顧及身障者之受教權，亟需進行督導並要求改善，故此建請政府相關單位，針對公私立高級中等學校進行校園無障礙設施總體檢，並限期提出改善方案，請公決案。,http://lci.ly.gov.tw/LyLCEW/agenda/provisionalBill/09/04/04-1061017/0904041061017_003.pdf,0903,
09,03,08,,12,本院委員蔣乃辛等20人臨時提案，有鑑於健保署信義第二門診中心在台北市設立數十年，每年診治眾多台北市市民，早已成為地區醫療守護者，但因「健保局」改制為行政機關「健保署」後，面臨存廢的問題，但地方民意強烈要求保留信義門診中心。同時監察院去年底糾正健保署，批評其敷衍應對行政院98.11.10院授研綜09822615137函中所示：「儘速研商臺北聯合門診中心委由相關醫院承接」之意旨，且絲毫未見該署有積極作為，後又以醫院總額利益分配為考量，仍對行政院指示恝置不理，逕採結束營運方式辦理，有嚴重疏失在案。而該門診中心成立多年，北市年長民眾均就近在該門診中心就診與復健，一旦裁撤，這些體弱與行動不便的長者必須到更遠且品質不穩的醫院、診所就醫，勢必影響數萬民眾的就醫權益。今臺灣邁向超高齡化社會，政府應優先保障長者與身障者之復健與就醫權益，本席等強烈要求行政院務必要保留臺北信義門診中心，並依行政院98.11.10院授研綜09822615137函示意旨：「儘速研商臺北聯合門診中心委由相關醫院承接」辦理，請公決案。,http://lci.ly.gov.tw/LyLCEW/agenda/provisionalBill/09/03/08-1060411/0903081060411_012.pdf,0903,
09,03,08,,13,本院委員顏寬恒等17人臨時提案，有鑑於主管機關金融監督管理委員會，雖於民國103年5月1日修正「住院醫療費用保險單示範條款」中之「住院」規定，由保險公司自行決定是否將「日間住院」列為除外不保事項，以解決日間住/留院爭議。但對於舊式醫療險保戶言，爭議卻仍然存在，衍生諸多爭訟事件，引發民怨。爰建請金管會就理賠案件中，最容易發生爭議的「住院定義」與「住院必要性」，依最高法院105年度台上字第273號判決見解，明確定義「住院」，並且清查市面保單條款中的「住院」名詞定義，以免新舊保單定義混淆不清，造成實務認定困難，請公決案。,http://lci.ly.gov.tw/LyLCEW/agenda/provisionalBill/09/04/14-1061226/0904141061226_011.pdf,0903,
09,03,08,,14,本院委員莊瑞雄等11人臨時提案，有鑑於我國正邁向非核家園，現今各核電廠均在計畫退役。為保障我國國土環境安全，退役計畫中均有將核電廠附近環境土壤、氣象、噪音等等自然物質做一測量監測，但在計測計畫中卻獨漏檢測附近居民之輻射量。根據衛生福利部公告之蘭嶼鄉相關的衛生統計資料，如死因統計、癌症登記統計等資訊；初步完成蘭嶼人口學結構以及白血病、甲狀腺癌等四個與輻射高度相關的癌症發生率，均明顯高於其他縣市。衛福部報告中並指出，核廢料所產生放射性物質時，其釋放的方式以及排出的方式，會直接影響到環境，然後在環境不斷的循環中間接傷害到人體，造成人體在健康方面出現一些特有的疾病或是死亡。因此應成立專案計畫，深入觀察放射性物質是否洩漏在蘭嶼附近之任何區域內，使得當地居民間接攝取到這些物質後，於自身累積過量的劑量值，而導致的一些病變或死亡。且由於輻射對健康的影響可能具有遺傳效應，加上輻射的遺傳效應僅發生於具有生育能力的生物或其後代，有鑑於維護我國國民健康及我國生育力，故要求行政院、經濟部應責同相關部會，提出核電廠附近居民長期健康與安全評估及健康流行病學之檢測，請公決案。,http://lci.ly.gov.tw/LyLCEW/agenda/provisionalBill/09/03/10-1060425/0903101060425_016.pdf,0903,
09,03,08,,15,本院委員林德福等19人臨時提案，有鑑於新北市約有398萬人，人口數居冠於全國各行政區，為了促進人流與物流之便利，紓解都會區交通擁擠問題，應持續擴大新北市軌道運輸服務密度。為響應行政院「前瞻基礎建設計畫」政策，新北市政府共提出「萬大─中和─樹林線第二期工程計畫」、「環狀線北環段及南環段」……等8項軌道運輸興建計畫，正是因應未來三十年臺灣經濟發展需求。本席懇請行政院應重新考量北北基桃生活圈概念，待未來建設完成後，將可服務北北基桃約900萬民眾，放下黨派之分，用相同審查標準看待各地方政府所呈報之計畫，以發揮百姓最大福祉綜效為優先，將新北市所提出8項軌道運輸建設納入「前瞻基礎建設計畫」當中。若「特別預算」已無空間，則應從107年起自中央政府一般公務預算中逐年編列，以加速新北市8項軌道運輸興建計畫之推動，請公決案。,http://lci.ly.gov.tw/LyLCEW/agenda/provisionalBill/09/03/08-1060411/0903081060411_015.pdf,0903,
09,03,09,,1,本院委員孔文吉等12人臨時提案，鑑於「前瞻基礎建設計畫」是國家整體基礎建設的發展規劃，規劃需求應本於國家整體性做通盤性的考量。惟依目前行政院研擬的「前瞻基礎建設計畫」只見其重視都會區基礎交通、綠能、水環境等建設，顯然嚴重的輕視原住民族鄉鎮的農路、產業道路、橋梁、堤防、水電等多項整建權益，導致原住民族長期以來企盼政府解決之原鄉重大基礎建設問題繼續懸宕未決。本席建請行政院應將「原住民地區建設及發展」納入前瞻基礎建設計畫中並編列相關預算，以保障原住民族生命財產安全，促進原住民族生存發展，請公決案。,http://lci.ly.gov.tw/LyLCEW/agenda/provisionalBill/09/03/09-1060418/0903091060418_001.pdf,0903,
09,03,09,,2,本院委員廖國棟等11人臨時提案，鑒於農業缺工嚴重，中央政府補助地方政府成立「農事服務團」應急，但對聘用「農務人員」的設限須為失業者，實際運作結果，對改善缺工效果有限。爰此，要求行政院應召開跨部會溝通，研議農務人員應召募在地或鄰近鄉鎮的新農村勞動力，包括婦女、新住民、原住民等，只要有意願投入農業，接受基礎的農事技能訓練後，即可上工，除提供當地居民工作機會外，也才能紓解農村缺工的情形，請公決案。,http://lci.ly.gov.tw/LyLCEW/agenda/provisionalBill/09/04/07-1061107/0904071061107_001.pdf,0903,
09,03,09,,3,本院委員曾銘宗等19人臨時提案，鑒於近年我國走私魚貨的問題相當嚴重，建請行政院組成專案小組，並提出強化查緝走私魚貨相關辦法，請公決案。,http://lci.ly.gov.tw/LyLCEW/agenda/provisionalBill/09/03/10-1060425/0903101060425_001.pdf,0903,
09,03,09,,4,本院委員林德福、江啟臣等23人臨時提案，有鑑於「忠烈祠祀辦法」近十八年未修訂，過往時常發生忠烈殉職官兵、警消人員或從事於公務之人員，因公殉職，卻屢屢遭到刁難不符合冒險犯難精神，無法入祀紀念，造成社會輿論反彈，地方首長與民意代表多有呼籲，政府應考量時空背景不同，應改以「為民犧牲奉獻」為考量，本席爰提案要求行政院應跨部會整合內政部與國防部等相關單位意見，並於二個月內完成檢討修訂「忠烈祠祀辦法」，以表彰盡忠職守、為民犧牲奉獻之忠烈殉職官兵、警消人員或從事於公務之人員，請公決案。,http://lci.ly.gov.tw/LyLCEW/agenda/provisionalBill/09/03/09-1060418/0903091060418_004.pdf,0903,
09,03,09,,5,本院委員江啟臣等18人臨時提案，有鑑於去年度實施之農業保險試辦計畫出現諸多關於中央農委會與地方政府之協調、補助與理賠之行政流程等有待檢討的缺失，若不及時檢討，將顯著降低後續農民自願納保意願與擴大試辦的成效。由於農委會遲至本年底才規劃進行試辦計畫之檢討，恐重蹈覆轍也緩不濟急，爰此，要求行政院應於一個月內提出去年度農業保險試辦計畫之檢討報告，並提出因應改正之具體作為，以提高農民納保之意願，並有利本年度擴大試辦計畫，請公決案。,http://lci.ly.gov.tw/LyLCEW/agenda/provisionalBill/09/03/09-1060418/0903091060418_005.pdf,0903,
09,03,09,,6,本院委員賴士葆等17人臨時提案，分析近年金融業、公部門不斷發生駭客攻擊事件，如年初14家券商遭零星DDOS手法攻擊、外交部領務局的1.5萬筆個資遭竊等。而未來金融科技崛起，語音控制、指紋辨識，行動裝置很方便就能進行金融轉帳交易，但一旦遭到資料竊取，後果不堪設想。實際上金融業最在乎作業暨財務風險，無論是既有流程的效率化或是商業模式創新，都應該考量既有控管是否可以有效降低作業與財務或者是信用等風險。根據資安公司賽門鐵克報告指出，台灣是最常被列為攻擊目標的國家之一，顯示台灣資訊安全的整體風險偏高。且有鑑於金管會附屬之銀行、證券、保險等業務所處理資料多涉及民眾個人隱私資料，需優先於各部會有更高層級的資安防護。故為保障民眾個資安全，強化政府機關資安管理能力，爰提案要求金管會附屬機關銀行局、證券期貨局、保險局應於六個月內，全機關通過ISO27001或同等級之資安認證，請公決案。,http://lci.ly.gov.tw/LyLCEW/agenda/provisionalBill/09/03/09-1060418/0903091060418_006.pdf,0903,
09,03,09,,7,本院委員張麗善等20人臨時提案，有鑑於國稅局退稅多採寄發退稅支票方式通知納稅人，相關支票作業之郵資與人力成本極高，根據統計某直轄市30元以下的退稅資格，有6162人，其中退1元者有988件，都必須全用雙掛號寄送。而國稅局另單一分局今年度總共寄出3600多件200元以下的退稅案件，總金額12萬元，等於一件平均退33元，但是頭一次寄出雙掛號退稅通知，成本36元，比平均退稅金額還高，而且有超過半數以上沒兌領，還得再次單掛號通知，一封成本25元，等於至少必須支付60元郵資通知民眾。顯示有極大比例所退金額價值遠低於郵資金額，若加計人力成本顯不相當，有浪費公帑之嫌。為維護民眾全額退稅權益以及降低行政作業之公帑徒耗，行政院應責成各相關單位加強簡約退稅方式之宣導，並且研擬於本年度報稅系統中增列一定金額以下（多選項）之退稅方案，以徵求納稅人於申報時同意將退稅額移轉於本人之下一個年度扣抵納稅額或同意轉捐贈公益團體，請公決案。,http://lci.ly.gov.tw/LyLCEW/agenda/provisionalBill/09/03/09-1060418/0903091060418_007.pdf,0903,
09,03,09,,8,本院委員吳志揚、徐榛蔚、黃昭順、蔣萬安等11人臨時提案，有鑑於特殊教育法第18條已明定特殊教育與相關服務措施提供與設施設置，以確保身心障礙者受教之權利。惟國內高級中等學校中仍有部分並未依法設立適當之無障礙設施，據統計截至105年8月底，171所國立高級中等學校中應設置無障礙設施而未設置者尚有105所，所需設置無障礙設施計有1939項，明顯未顧及身障者之受教權，亟需進行督導並要求改善，故此建請政府相關單位，針對公私立高級中等學校進行校園無障礙設施總體檢，並限期提出改善方案，請公決案。,http://lci.ly.gov.tw/LyLCEW/agenda/provisionalBill/09/04/04-1061017/0904041061017_003.pdf,0903,
09,03,09,,9,本院委員蔣乃辛等20人臨時提案，針對衛福部近日公布進口蔬果農藥查驗結果顯示，發現食品進口數量、重量分居前二名的日本及美國，其不合格比率也是分列一、二名。另外食藥署近日公告農藥殘留容許值，其中部分容許值超過歐盟等國50-1000倍，以木瓜中農藥「因得克」的含量，其修正前與歐盟的容許值都是0.01ppm，修正後放寬為10ppm，竟然放寬1000倍，簡直是放縱農藥毒害國人健康。為維護民眾飲食安全，本席等要求行政院針對農藥殘留高之國家進口蔬果、食品進行逐批、加倍件數抽檢；產品檢出有毒者，立即銷燬或退運，務必有效將有毒蔬果阻攔於境外；立即廢止近日放寬的農藥殘留公告，回復為原來的或更嚴謹農藥容許值，請公決案。,http://lci.ly.gov.tw/LyLCEW/agenda/provisionalBill/09/03/09-1060418/0903091060418_009.pdf,0903,
09,03,09,,10,本院委員李彥秀等11人臨時提案，因目前醫療及藥物服務品質多有提升，醫療服務給付與藥物給付等支付標準確有調整之必要，惟鑒於醫療費用給付係採總額支付制度，各部門總額間相互獨立，故為免上開支付標準調整後，連動間接損及其他部門總額或壓縮各該部門之給付點值，爰建請行政院衛生福利部於考量醫療服務給付與藥物給付等支付標準修正時，亦應顧及各部分總額分配之衡平，避免反生顧此失彼之情事，甚影響其他部門之給付費用，請公決案。,http://lci.ly.gov.tw/LyLCEW/agenda/provisionalBill/09/03/09-1060418/0903091060418_010.pdf,0903,
09,03,09,,11,本院委員盧秀燕等11人臨時提案，有鑑於塑膠軟質桌墊為學童與辦公室常用之事務文具用品，然依經濟部標檢局隨機檢測20件塑膠軟質桌墊，其中4件塑化劑含量不符標準，含量為16.4%至23.5%之間，超過國家標準0.1%限量值要求。磷苯二甲酸酯類塑化劑長期將干擾正常內分泌系統的平衡及功能；爰此，本席建請行政院儘速改善塑膠軟質桌墊之品質安全性，避免影響民眾的身體健康，請公決案。,http://lci.ly.gov.tw/LyLCEW/agenda/provisionalBill/09/04/02-1061003/0904021061003_008.pdf,0903,
09,03,09,,12,本院委員羅明才等11人臨時提案，鑒於蘇迪勒強颱自2015年8月重創新北市新店區、烏來區等地，其災害造成嚴重的人員傷亡與財產損失。然而，一年半過去了，新店區碧潭攔水壩至今尚未修復完成，如今梅雨季與颱風季節又即將到來。爰此，本席建請行政院盡速補助相關的重建經費，以期在汛期前完成修復，請公決案。,http://lci.ly.gov.tw/LyLCEW/agenda/provisionalBill/09/04/09-1061121/0904091061121_010.pdf,0903,
09,03,09,,13,本院委員黃偉哲等15人臨時提案，鑑於近年偽藥事件時有所聞，而偽藥對用藥民眾生命安全危害甚大，經查目前國內並無要求藥廠藥商包裝藥物時應有防偽標籤之規定，不利民眾或藥局辨識藥物真偽，爰建請衛生福利部研擬輔導國內藥廠藥商設計各自的防偽標籤，方便民眾或藥局購買藥物時辨識真偽，請公決案。,http://lci.ly.gov.tw/LyLCEW/agenda/provisionalBill/09/03/10-1060425/0903101060425_011.pdf,0903,
09,03,09,,14,本院委員莊瑞雄等11人臨時提案，有鑑於我國正邁向非核家園，現今各核電廠均在計畫退役。為保障我國國土環境安全，退役計畫中均有將核電廠附近環境土壤、氣象、噪音等等自然物質做一測量監測，但在計測計畫中卻獨漏檢測附近居民之輻射量。根據衛生福利部公告之蘭嶼鄉相關的衛生統計資料，如死因統計、癌症登記統計等資訊；初步完成蘭嶼人口學結構以及白血病、甲狀腺癌等四個與輻射高度相關的癌症發生率，均明顯高於其他縣市。衛福部報告中並指出，核廢料所產生放射性物質時，其釋放的方式以及排出的方式，會直接影響到環境，然後在環境不斷的循環中間接傷害到人體，造成人體在健康方面出現一些特有的疾病或是死亡。因此應成立專案計畫，深入觀察放射性物質是否洩漏在蘭嶼附近之任何區域內，使得當地居民間接攝取到這些物質後，於自身累積過量的劑量值，而導致的一些病變或死亡。且由於輻射對健康的影響可能具有遺傳效應，加上輻射的遺傳效應僅發生於具有生育能力的生物或其後代，有鑑於維護我國國民健康及我國生育力，故要求行政院、經濟部應責同相關部會，提出核電廠附近居民長期健康與安全評估及健康流行病學之檢測，請公決案。,http://lci.ly.gov.tw/LyLCEW/agenda/provisionalBill/09/03/10-1060425/0903101060425_016.pdf,0903,
09,03,09,,15,本院委員許毓仁等11人臨時提案，有鑒於日本青年畢業起薪換算成台幣約為每月69528元；韓國畢業起薪換算台幣約為57932元，反觀我國2014年大學畢業生平均每月薪資僅有27193元，2015年僅有27655元，相比之下，我國青年畢業薪資水準與之落差極大。又2015年台灣青年失業率高達為12.05%；同年，台灣平均失業率為3.78%，由是可知，台灣青年失業率高達平均失業率的3倍之多！且更出現「學歷讀得越高，失業率反而越高」的趨勢，根據主計總處之統計，2015年最高教育程度為國中的失業率為2.77%；最高教育程度為高中（職）的失業率為3.83%；最高教育程度為大專及以上的失業率為4.13%，今年企業願意提供給台灣大學大學部畢業生的起薪，平均更只有27908元，如此趨勢，實為我國青年隱憂。因此，爰提案要求行政院於三個月內訂定政策，以健全青年就業環境、提高平均青年薪資，結合物價指數，精算出3年內欲提高之青年薪資目標，請公決案。,http://lci.ly.gov.tw/LyLCEW/agenda/provisionalBill/09/03/09-1060418/0903091060418_015.pdf,0903,
09,03,10,,1,本院委員曾銘宗等19人臨時提案，鑒於近年我國走私魚貨的問題相當嚴重，建請行政院組成專案小組，並提出強化查緝走私魚貨相關辦法，請公決案。,http://lci.ly.gov.tw/LyLCEW/agenda/provisionalBill/09/03/10-1060425/0903101060425_001.pdf,0903,
09,03,10,,2,本院委員簡東明等12人臨時提案，鑑於近日發生屏東縣牡丹鄉高士部落復建日本神社一事，引發原住民族人對於歷史正義之多面爭議。因多方輿論爭議，全國人民對於其歷史事件之事實並不了解。台灣的原住民直至1624年荷蘭人統治台灣以後，已經歷多次與外族抗爭事件，對於現今原住民具有重要歷史意義。因此為促進政府完成「原住民轉型正義」，爰提案要求原民會、文化部興建台灣原住民各族群或各原鄉具有歷史性戰役之紀念碑、紀念公園及主題館等相關設施，致力給予台灣原住民合理歷史定位，請公決案。,http://lci.ly.gov.tw/LyLCEW/agenda/provisionalBill/09/03/10-1060425/0903101060425_002.pdf,0903,
09,03,10,,3,本院委員李彥秀等15人臨時提案，鑒於近日國內食安問題頻傳，農藥開放、塑化劑去毒化、戴奧辛污染雞蛋等食安問題相關單位處理失當，政府「食安五環」已然破功。另依據消保處報告指出，國內雞蛋約2成1有藥物殘留問題，雞蛋年產量近68億顆之比例換算，約有14億顆雞蛋不合格，且戴奧辛污染農產品之問題已非首例，民國94年已發生過戴奧辛污染鴨蛋事件，共銷毀2萬3653隻鴨子、130萬顆鴨蛋，不僅對國人健康造成嚴重傷害，對合法飼養業者亦是沉重打擊，本次爆發戴奧辛污染雞蛋之類似案例，可見國內食安風險評估完全失靈，食安五環中的源頭控管形同虛設。爰建請農委會建立動植物用飼（肥）料完整追蹤溯源機制，設立動植物用飼（肥）料原料登記制度，飼料商須備存飼料交易記錄，以利於源頭控管，更有效追蹤飼料來源及迅速採取行動，請公決案。,http://lci.ly.gov.tw/LyLCEW/agenda/provisionalBill/09/03/10-1060425/0903101060425_003.pdf,0903,
09,03,10,,4,本院委員廖國棟等11人臨時提案，鑒於農業缺工嚴重，中央政府補助地方政府成立「農事服務團」應急，但對聘用「農務人員」的設限須為失業者，實際運作結果，對改善缺工效果有限。爰此，要求行政院應召開跨部會溝通，研議農務人員應召募在地或鄰近鄉鎮的新農村勞動力，包括婦女、新住民、原住民等，只要有意願投入農業，接受基礎的農事技能訓練後，即可上工，除提供當地居民工作機會外，也才能紓解農村缺工的情形，請公決案。,http://lci.ly.gov.tw/LyLCEW/agenda/provisionalBill/09/04/07-1061107/0904071061107_001.pdf,0903,
09,03,10,,5,本院委員賴士葆等16人臨時提案，查政府努力推動綠能，封存核電，欲打造無核家園，給民眾乾淨的生活環境；但迄今台灣空污情形持續嚴重！為保障民眾健康，維護空氣品質，爰提案要求行政院要求跨部會進行空污改善作為，使今年全年空氣品質指標達紅色及以上之不良天數，較去年減少二十天，請公決案。,http://lci.ly.gov.tw/LyLCEW/agenda/provisionalBill/09/03/10-1060425/0903101060425_005.pdf,0903,
09,03,10,,6,本院委員王育敏等14人臨時提案，有鑑於產業訓儲替代役上路後爭議不斷，其審核通過企業中，與原經濟部所規劃「推動中堅企業躍升計畫」之目的有所落差，恐有違產業訓儲替代役政策原意。另查，其申請產業儲訓替代役公司行號中，不少企業有勞檢違規紀錄，役男於服役期間恐有過勞疑慮。爰建請內政部會同國防部及勞動部，重新檢討修正產業訓儲替代役政策方向與服役單位篩選，並研擬服役期間之勞動檢查計畫，以保障替代役男服役期間之權益，請公決案。,http://lci.ly.gov.tw/LyLCEW/agenda/provisionalBill/09/03/12-1060509/0903121060509_005.pdf,0903,
09,03,10,,7,本院委員張麗善等18人臨時提案，有鑑於蔡政府上台之後環保署推出新的空氣品質指標AQI，放寬紫色等級的PM2.5濃度標準，將紫色等級之認定標準從大於70微克/立方公尺提高到大於150微克/立方公尺，等於是將空汙指標上修，濃度大於150微克/立方公尺才算「非常不良」的紫色等級，惟日本和英國的PM2.5指標，其空污濃度超過70微克/立方公尺就是最糟糕的等級，台灣民眾也對空污達「紫爆」等級就必須減少出門或穿戴防護措施有所認知與警覺性，如今指標上修卻疏於宣導空污若達橘警，敏感族群就應避免外出；若達紅害，敏感族群應限制在戶內，一般民眾減少外出。爰要求行政院應責成相關單位全力宣導，避免民眾及幼童囿於過去認知身陷空污危害卻不自知，並研擬AQI指標若達紅害標準，相關火力發電電廠之降載措施，並於今年夏天啟用，以維空氣品質暨民眾健康，請公決案。,http://lci.ly.gov.tw/LyLCEW/agenda/provisionalBill/09/03/10-1060425/0903101060425_007.pdf,0903,
09,03,10,,8,本院委員吳志揚、徐榛蔚、黃昭順、蔣萬安等11人臨時提案，有鑑於特殊教育法第18條已明定特殊教育與相關服務措施提供與設施設置，以確保身心障礙者受教之權利。惟國內高級中等學校中仍有部分並未依法設立適當之無障礙設施，據統計截至105年8月底，171所國立高級中等學校中應設置無障礙設施而未設置者尚有105所，所需設置無障礙設施計有1939項，明顯未顧及身障者之受教權，亟需進行督導並要求改善，故此建請政府相關單位，針對公私立高級中等學校進行校園無障礙設施總體檢，並限期提出改善方案，請公決案。,http://lci.ly.gov.tw/LyLCEW/agenda/provisionalBill/09/04/04-1061017/0904041061017_003.pdf,0903,
09,03,10,,9,本院委員蔣乃辛等18人臨時提案，有鑑於2015年7月施行的溫室氣體減量與管理法，明定溫室氣體減排目標，2050年二氧化碳須降為1.225億公噸；而我國2015年9月也對國際社會承諾，2030年溫室氣體排放量減為2.14億公噸。但根據工研院報告，2030年二氧化碳排放量卻將達3.11億公噸，超出承諾值9700萬公噸，根本無法踐履對國際的減碳承諾，更不利溫減法所定的目標。為維護國人健康及落實環境保護，本席等要求行政院針對氣候變遷的威脅，儘速訂定減緩與調適的對策；建置極端氣候事件預警暨緊急應變機制，以避免與減緩對國內環境的破壞，請公決案。,http://lci.ly.gov.tw/LyLCEW/agenda/provisionalBill/09/03/10-1060425/0903101060425_009.pdf,0903,
09,03,10,,10,本院委員盧秀燕等11人臨時提案，有鑑於校園營養午餐開辦的初衷，是「幫助無法為孩子送餐的雙薪家庭，讓他們的孩子也可以吃到剛出爐的美味營養餐點。」農委會在106年3月底宣布，於該年9月起，學校午餐食材必須全面使用國產食材，且必須符合四章一Q規範。如今事隔不到兩個禮拜政策再度髮夾彎，從「強制」變「鼓勵」，使得目前尚有多個縣市未表態加入試辦。爰此，本席要求行政院將全國各縣市政府納入四章一Q政策，以維護孩子們「美味、安全、營養」的基本人權，同時啟動改善營養午餐品質，又可挽救農村經濟危機，提昇糧食自給率，並拯救台灣生態環境，請公決案。,http://lci.ly.gov.tw/LyLCEW/agenda/provisionalBill/09/04/06-1061031/0904061061031_002.pdf,0903,
09,03,10,,11,本院委員黃偉哲等15人臨時提案，鑑於近年偽藥事件時有所聞，而偽藥對用藥民眾生命安全危害甚大，經查目前國內並無要求藥廠藥商包裝藥物時應有防偽標籤之規定，不利民眾或藥局辨識藥物真偽，爰建請衛生福利部研擬輔導國內藥廠藥商設計各自的防偽標籤，方便民眾或藥局購買藥物時辨識真偽，請公決案。,http://lci.ly.gov.tw/LyLCEW/agenda/provisionalBill/09/03/10-1060425/0903101060425_011.pdf,0903,
09,03,10,,12,本院委員周春米等17人臨時提案，鑑於屏東縣屬於南北狹長的地形，由於境內缺乏高鐵，高（快）速公路建設不足，一旦在最南端的鵝鑾鼻發生交通意外或海上事故，傷患的運送只能使用省道等一般公路系統，而在鵝鑾鼻到屏東市路程計約106公里、到高雄市路程計約115公里的情況下，勢將嚴重延誤最佳醫療時機。爰要求行政院研議內政部空中勤務總隊進駐恆春機場，以提供屏東醫療後送等相關服務，請公決案。,http://lci.ly.gov.tw/LyLCEW/agenda/provisionalBill/09/03/10-1060425/0903101060425_012.pdf,0903,
09,03,10,,13,本院委員顏寬恒等17人臨時提案，有鑑於主管機關金融監督管理委員會，雖於民國103年5月1日修正「住院醫療費用保險單示範條款」中之「住院」規定，由保險公司自行決定是否將「日間住院」列為除外不保事項，以解決日間住/留院爭議。但對於舊式醫療險保戶言，爭議卻仍然存在，衍生諸多爭訟事件，引發民怨。爰建請金管會就理賠案件中，最容易發生爭議的「住院定義」與「住院必要性」，依最高法院105年度台上字第273號判決見解，明確定義「住院」，並且清查市面保單條款中的「住院」名詞定義，以免新舊保單定義混淆不清，造成實務認定困難，請公決案。,http://lci.ly.gov.tw/LyLCEW/agenda/provisionalBill/09/04/14-1061226/0904141061226_011.pdf,0903,
09,03,10,,14,本院委員羅明才等11人臨時提案，鑒於蘇迪勒強颱自2015年8月重創新北市新店區、烏來區等地，其災害造成嚴重的人員傷亡與財產損失。然而，一年半過去了，新店區碧潭攔水壩至今尚未修復完成，如今梅雨季與颱風季節又即將到來。爰此，本席建請行政院盡速補助相關的重建經費，以期在汛期前完成修復，請公決案。,http://lci.ly.gov.tw/LyLCEW/agenda/provisionalBill/09/04/09-1061121/0904091061121_010.pdf,0903,
09,03,10,,15,本院委員江啟臣等16人臨時提案，有鑑於現行食品安全衛生管理法規定，當中央主管機關欲作成涉及民眾重大權益事項之食品安全管理措施前，並沒有召開聽證會或公聽會之規定，只有所謂的專家會議，而這些專家往往淪為只是諮詢會議或背書會議的一員，決策過程充滿黑箱及不透明。爰此，提案要求行政院應該儘速推動修法，強制要求主管機關欲修改任何改變現行規定的食品安全標準前，都應該召開聽證會，使決策程序公開透明，讓人民有充分參與的機會，維護民眾食的安全，請公決案。,http://lci.ly.gov.tw/LyLCEW/agenda/provisionalBill/09/03/10-1060425/0903101060425_015.pdf,0903,
09,03,10,,16,本院委員莊瑞雄等11人臨時提案，有鑑於我國正邁向非核家園，現今各核電廠均在計畫退役。為保障我國國土環境安全，退役計畫中均有將核電廠附近環境土壤、氣象、噪音等等自然物質做一測量監測，但在計測計畫中卻獨漏檢測附近居民之輻射量。根據衛生福利部公告之蘭嶼鄉相關的衛生統計資料，如死因統計、癌症登記統計等資訊；初步完成蘭嶼人口學結構以及白血病、甲狀腺癌等四個與輻射高度相關的癌症發生率，均明顯高於其他縣市。衛福部報告中並指出，核廢料所產生放射性物質時，其釋放的方式以及排出的方式，會直接影響到環境，然後在環境不斷的循環中間接傷害到人體，造成人體在健康方面出現一些特有的疾病或是死亡。因此應成立專案計畫，深入觀察放射性物質是否洩漏在蘭嶼附近之任何區域內，使得當地居民間接攝取到這些物質後，於自身累積過量的劑量值，而導致的一些病變或死亡。且由於輻射對健康的影響可能具有遺傳效應，加上輻射的遺傳效應僅發生於具有生育能力的生物或其後代，有鑑於維護我國國民健康及我國生育力，故要求行政院、經濟部應責同相關部會，提出核電廠附近居民長期健康與安全評估及健康流行病學之檢測，請公決案。,http://lci.ly.gov.tw/LyLCEW/agenda/provisionalBill/09/03/10-1060425/0903101060425_016.pdf,0903,
09,03,10,,17,本院委員林德福等20人臨時提案，有鑑於「緊急醫療救護法」規定，政府應公告須設置自動體外心臟電擊去顫器（AED）之公共場所。目前，僅高中以上學校必須設置AED。日前有一國小學童上體育課跑步後，突感身體不適昏倒，救護人員趕到現場發現男童心跳停止，緊急施以CPR經搶救後無效，令人遺憾。本席建請行政院應將國小、國中納入應置有自動體外心臟電擊去顫器（AED）之公共場所，以把握患者突然心跳停止的黃金救援時間，立即給予AED電擊搭配施作CPR，增加搶救生命的機會，請公決案。,http://lci.ly.gov.tw/LyLCEW/agenda/provisionalBill/09/03/10-1060425/0903101060425_017.pdf,0903,
09,03,11,,1,本院委員曾銘宗等19人臨時提案，鑒於「前瞻基礎建設特別條例草案」中所提相關建設計畫多未進行可行性分析，也未進行成本效益分析，應撤回重擬，請公決案。,http://lci.ly.gov.tw/LyLCEW/agenda/provisionalBill/09/03/12-1060509/0903121060509_002.pdf,0903,
09,03,11,,2,本院委員廖國棟等11人臨時提案，鑒於農業缺工嚴重，中央政府補助地方政府成立「農事服務團」應急，但對聘用「農務人員」的設限須為失業者，實際運作結果，對改善缺工效果有限。爰此，要求行政院應召開跨部會溝通，研議農務人員應召募在地或鄰近鄉鎮的新農村勞動力，包括婦女、新住民、原住民等，只要有意願投入農業，接受基礎的農事技能訓練後，即可上工，除提供當地居民工作機會外，也才能紓解農村缺工的情形，請公決案。,http://lci.ly.gov.tw/LyLCEW/agenda/provisionalBill/09/04/07-1061107/0904071061107_001.pdf,0903,
09,03,11,,3,本院委員李彥秀等14人臨時提案，鑒於我國學幼童齲齒狀況嚴重，然據實證醫學研究指出，牙齒塗氟得有效降低兒童齲齒率，而如何提高塗氟利用率，積極推廣社區巡迴塗氟服務，使牙醫師至幼托園所為幼童施作塗氟，同時落實衛生教育，乃為一有效之執行策略。詎衛生福利部卻漸縮減社區巡迴塗氟服務，忽視幼童因師長帶領及同伴學習效應，誠有助於提高塗氟利用率。爰建請衛生福利部於一個月內研議將社區巡迴塗氟服務擴及全國，俾利緩減幼童齲齒問題，請公決案。,http://lci.ly.gov.tw/LyLCEW/agenda/provisionalBill/09/04/02-1061003/0904021061003_003.pdf,0903,
09,03,11,,4,本院委員羅明才等11人臨時提案，鑒於蘇迪勒強颱自2015年8月重創新北市新店區、烏來區等地，其災害造成嚴重的人員傷亡與財產損失。然而，一年半過去了，新店區碧潭攔水壩至今尚未修復完成，如今梅雨季與颱風季節又即將到來。爰此，本席建請行政院盡速補助相關的重建經費，以期在汛期前完成修復，請公決案。,http://lci.ly.gov.tw/LyLCEW/agenda/provisionalBill/09/04/09-1061121/0904091061121_010.pdf,0903,
09,03,11,,5,本院委員蔣乃辛等17人臨時提案，有鑑於消基會公布，公務機關爆資安大漏洞，近1年來個資外洩超過13萬筆；其中以台北市資訊局的「薪資發放管理系統」出包最嚴重，外洩數量約7萬筆，其次則是勞動部，以及中華郵政、外交部，這些外洩資訊包括身分證字號、住家地址、電話號碼、健保與勞保加保記錄、銀行及信用卡資料等，一旦被有心人掌握，將嚴重損害民眾權益與人身安全。另資安專家透露，公家機關未報案黑數，恐怕是被揭露的數倍，那才是真正令人擔憂的問題。為維護國人個資及生命財產的安全，要求行政院制定資安專法，規範公私機關妥善管理國人個資，明定洩露個資的罰則與賠償方案，並課以定期維護網站資料庫安全之責，避免駭客入侵；檢討「檢察機關打擊民生犯罪專案實施計畫」，將資安問題納入執行範圍，調查個資竊取、濫用等不法情事，以保障人民權益，請公決案。,http://misq.ly.gov.tw/MISQ/docu/201705/1060502089900200_050918521.doc,0903,
09,03,11,,6,本院委員吳志揚等16人臨時提案，鑒於大客車駕駛肩負全車乘客生命安全，如若工時過長，導致無法正常駕駛，對於車上乘客以及行駛路段的車輛與民眾，皆有極大影響。近期接獲民眾陳情，桃園客運等多家業者，有出現疲勞駕駛的狀況，此舉已嚴重影響乘客及路人之生命安全，故此特請政府重新就大客車業者勞動檢查相關規範提出檢討並嚴格規範與建立監督流程，在敦促各級地方政府補足勞檢人力落實勞動檢查的同時，追蹤各地勞工局勞檢狀況與後續處理情形，請公決案。,http://lci.ly.gov.tw/LyLCEW/agenda/provisionalBill/09/03/12-1060509/0903121060509_010.pdf,0903,
09,03,11,,7,本院委員簡東明等22人臨時提案，鑑於目前「前瞻基礎建設計畫」雖然舉債編列超過8800億元以上經費以推動重大建設，但項目上嚴重遺漏原住民族地區所亟需之農路、危險道路、橋樑等等交通建設經費，且一半以上用於軌道建設經費，漠視原住民族地區目前所面臨之交通問題，其預算上更付之闕如。因此，爰提案要求行政院重行考量前瞻計畫預算編列方向，應符合原住民族人口比例原則，並編列農路等交通建設預算用於原住民族地區，請公決案。,http://lci.ly.gov.tw/LyLCEW/agenda/provisionalBill/09/03/12-1060509/0903121060509_004.pdf,0903,
09,03,11,,8,本院委員林德福等12人臨時提案，有鑑於各國致力「工業4.0」與「數位金融」的發展，許多人認為將帶來新的商機與就業機會，但也有學者專家認為政府應該預做準備，避免大規模失業潮發生。微軟創辦人比爾蓋茲主張政府應該要向使用機器人的公司課稅，以替被機器人取代的人力另謀出路。以我國為例，聘僱外國人的雇主應繳納「就業安定費」，政府設立「就業安定基金」促進國民就業，以彌補對國家社會所造成的社會成本。本席爰提案要求行政院應進行研議，未來是否應對大規模使用機器人之業者立法要求繳納「就業安定費」，以促進國民就業、提升勞工福祉之用，請公決案。,http://lci.ly.gov.tw/LyLCEW/agenda/provisionalBill/09/03/12-1060509/0903121060509_009.pdf,0903,
09,03,11,,9,本院委員賴士葆等12人臨時提案，根據資策會「行動APP消費者調查分析」顯示，台灣每人平均自行下載16個的APP，每人每天約主動開啟6個APP，每周平均使用約9個APP，其中google play、Apple store、LINE等外國跨境電商，因並未在台灣設立營業據點，依法無據促使其消費問題與爭議層出不窮。然而，事實上經濟部自94年起，即開始輔導台北市電子商務消費者協會（簡稱「SOSA」），推動建置「線上選擇性爭議處理機制」（以下簡稱ODR）平台，惟SOSA目前僅有與美國BBB OnLine及新加坡Trust SG等組織相互結合，且截至105年11月加入該平台的國內線上業者僅有94家，針對未加入該平台機制之線上業者，SOSA僅能受理申訴而無法調解，突顯主管單位解決國內網購交易糾紛的成效不彰。有鑑於此，為增加國內相關消費者跨境電商消費知識，以及該管道的救濟實效，爰提案要求行政院及其相關單位，應於半年內提升加入ODR平台之線上業者比率達50%，同時於一年內提升連結之國際電商消費糾紛處理組織達5國以上，請公決案。,http://lci.ly.gov.tw/LyLCEW/agenda/provisionalBill/09/03/12-1060509/0903121060509_012.pdf,0903,
09,03,11,,10,本院委員江啟臣等14人，有鑑於一例一休當初實施的目的是為了扭轉臺灣過勞之惡名，然而修法通過實施至今，社會工作效率未見提升，勞工工時未見減少，雇主勞工無人滿意，此種修法應予檢討。更進一步來說，日前民間企業公布一份最新調查發現，台灣上班族每日平均工時九小時，較去年的統計數據8.9小時略微增加，顯示政府實施一例一休之後，勞工工時並無顯著下降；粗估全國潛在過勞族超過5成，高達455萬人；勞保局也統計2011年到2015年台灣共有163人被認定為過勞死，平均每11天就有1人死亡，而因為過勞導致職業傷害的黑數更是難以想像。亞洲年總工時最高的國家是新加坡，韓國次之，台灣排第三，究竟該如何改善過勞的問題，主管機關應有積極的對策。爰此，要求行政院應立即檢討一例一休制度實施至今的問題，消除台灣過勞之島的惡名。是否有當？請公決案。,http://lci.ly.gov.tw/LyLCEW/agenda/provisionalBill/09/03/11-1060502/0903111060502_010.pdf,0903,
09,03,11,,11,本院委員盧秀燕等11人臨時提案，有鑑於校園營養午餐開辦的初衷，是「幫助無法為孩子送餐的雙薪家庭，讓他們的孩子也可以吃到剛出爐的美味營養餐點。」農委會在106年3月底宣布，於該年9月起，學校午餐食材必須全面使用國產食材，且必須符合四章一Q規範。如今事隔不到兩個禮拜政策再度髮夾彎，從「強制」變「鼓勵」，使得目前尚有多個縣市未表態加入試辦。爰此，本席要求行政院將全國各縣市政府納入四章一Q政策，以維護孩子們「美味、安全、營養」的基本人權，同時啟動改善營養午餐品質，又可挽救農村經濟危機，提昇糧食自給率，並拯救台灣生態環境，請公決案。,http://lci.ly.gov.tw/LyLCEW/agenda/provisionalBill/09/04/06-1061031/0904061061031_002.pdf,0903,
09,03,11,,12,本院委員顏寬恒等17人臨時提案，有鑑於主管機關金融監督管理委員會，雖於民國103年5月1日修正「住院醫療費用保險單示範條款」中之「住院」規定，由保險公司自行決定是否將「日間住院」列為除外不保事項，以解決日間住/留院爭議。但對於舊式醫療險保戶言，爭議卻仍然存在，衍生諸多爭訟事件，引發民怨。爰建請金管會就理賠案件中，最容易發生爭議的「住院定義」與「住院必要性」，依最高法院105年度台上字第273號判決見解，明確定義「住院」，並且清查市面保單條款中的「住院」名詞定義，以免新舊保單定義混淆不清，造成實務認定困難，請公決案。,http://lci.ly.gov.tw/LyLCEW/agenda/provisionalBill/09/04/14-1061226/0904141061226_011.pdf,0903,
09,03,11,,13,本院委員Kolas Yotaka、林靜儀等13人臨時提案，為原住民族歷史正義及轉型正義，政府應正視蘭嶼居民未受核能發電之利，卻長期將放射性廢料置於蘭嶼；蘭嶼長期處於醫療資源不足之狀態，當地衛生所處理量能有限，且後送不易。爰請經濟部、衛生福利部及原住民族委員會依說明意旨，從速完成所列事項，請公決案。,http://lci.ly.gov.tw/LyLCEW/agenda/provisionalBill/09/03/12-1060509/0903121060509_016.pdf,0903,
09,03,11,,14,本院委員李麗芬、呂孫綾等17人，鑒於依據衛生福利部中央健康保險署2012年至2016年18歲以下兒少各年齡層憂鬱症門診人數資料統計顯示，13至18歲就診人數每年平均數約5500人，顯見兒少於國高中職階段始受憂鬱症困擾，所帶來之各層面影響，已嚴重傷害兒少身心發展。爰此，建請行政院應建立兒少心理健康之預防與醫療措施，完備青少年友善心理健康諮詢環境，引導師生家長以正確心態面對青少年憂鬱症，並針對我國兒少心理健康定期進行研究，建置相關統計資料庫，以建立青少年憂鬱症防護網絡。是否有當？請公決案。,http://lci.ly.gov.tw/LyLCEW/agenda/provisionalBill/09/03/15-1060526/0903151060526_011.pdf,0903,
09,03,11,,15,本院委員黃偉哲等11人臨時提案，有鑑於國內電動機車在電池、充電器與車身間的接頭未有統一規格，造成國內電動機車廠商各自採用不同規格的接頭，既不便設置共用的充電站，又不利使用者維修，導致市場難以發展，爰建請經濟部研擬電動機車電池接頭、充電器與車身間之規格標準化相關辦法，請公決案。,http://lci.ly.gov.tw/LyLCEW/agenda/provisionalBill/09/04/06-1061031/0904061061031_008.pdf,0903,
09,03,11,,16,本院委員黃國書等16人臨時提案，體育改革是全民的期待，本席也於3/21之質詢中向林全院長提醒，當前體育改革之三大阻礙即為不民主的單項協會、高齡的體發會以及行政失能的體育署，然在質詢之後，行政院對於相關問題之改善卻依然石沉大海，也讓關心體育改革民眾質疑行政院之體育改革宣示只是口號。是故，為宣示政府自身落實體育改革之決心，爰請行政院於一個月內向立法院提出：(1)體發會擴大青年參與之規劃與期程。(2)體育署內部組織改革與效能提升之規劃、期程與具體作法，以及在去年奧運過後發生之選手與協會爭議，體育署因行政怠惰、消極面對改革、縱容單項協會打壓選手，以致影響選手權益於日前再次發生戴資穎陳情國家隊球衣狀況等情事之九職等以上人員懲處報告，請公決案。,http://misq.ly.gov.tw/MISQ/docu/201705/1060502089901200_050918581.doc,0903,
09,03,12,,1,本院委員廖國棟等11人臨時提案，鑒於農業缺工嚴重，中央政府補助地方政府成立「農事服務團」應急，但對聘用「農務人員」的設限須為失業者，實際運作結果，對改善缺工效果有限。爰此，要求行政院應召開跨部會溝通，研議農務人員應召募在地或鄰近鄉鎮的新農村勞動力，包括婦女、新住民、原住民等，只要有意願投入農業，接受基礎的農事技能訓練後，即可上工，除提供當地居民工作機會外，也才能紓解農村缺工的情形，請公決案。,http://lci.ly.gov.tw/LyLCEW/agenda/provisionalBill/09/04/07-1061107/0904071061107_001.pdf,0903,
09,03,12,,2,本院委員曾銘宗等19人臨時提案，鑒於「前瞻基礎建設特別條例草案」中所提相關建設計畫多未進行可行性分析，也未進行成本效益分析，應撤回重擬，請公決案。,http://lci.ly.gov.tw/LyLCEW/agenda/provisionalBill/09/03/12-1060509/0903121060509_002.pdf,0903,
09,03,12,,3,本院委員李彥秀等11人臨時提案，有鑒於五月為個人綜合所得稅申報月份，然國稅局之報稅作業系統卻屢出問題，先是於五月一日報稅首日報稅平台異常，導致網路報稅流程停擺約6小時；後又分別傳出使用特定作業系統電腦無法順利報稅或金額有誤等情形，財政部應責成權責機關蒐集相關網路報稅使用體驗及申訴後，立即要求廠商先行修補作業程式，並於兩周內提出完整之改善報告，請公決案。,http://lci.ly.gov.tw/LyLCEW/agenda/provisionalBill/09/03/12-1060509/0903121060509_003.pdf,0903,
09,03,12,,4,本院委員簡東明等22人臨時提案，鑑於目前「前瞻基礎建設計畫」雖然舉債編列超過8800億元以上經費以推動重大建設，但項目上嚴重遺漏原住民族地區所亟需之農路、危險道路、橋樑等等交通建設經費，且一半以上用於軌道建設經費，漠視原住民族地區目前所面臨之交通問題，其預算上更付之闕如。因此，爰提案要求行政院重行考量前瞻計畫預算編列方向，應符合原住民族人口比例原則，並編列農路等交通建設預算用於原住民族地區，請公決案。,http://lci.ly.gov.tw/LyLCEW/agenda/provisionalBill/09/03/12-1060509/0903121060509_004.pdf,0903,
09,03,12,,5,本院委員王育敏等14人臨時提案，有鑑於產業訓儲替代役上路後爭議不斷，其審核通過企業中，與原經濟部所規劃「推動中堅企業躍升計畫」之目的有所落差，恐有違產業訓儲替代役政策原意。另查，其申請產業儲訓替代役公司行號中，不少企業有勞檢違規紀錄，役男於服役期間恐有過勞疑慮。爰建請內政部會同國防部及勞動部，重新檢討修正產業訓儲替代役政策方向與服役單位篩選，並研擬服役期間之勞動檢查計畫，以保障替代役男服役期間之權益，請公決案。,http://lci.ly.gov.tw/LyLCEW/agenda/provisionalBill/09/03/12-1060509/0903121060509_005.pdf,0903,
09,03,12,,6,本院委員盧秀燕等11人臨時提案，有鑑於校園營養午餐開辦的初衷，是「幫助無法為孩子送餐的雙薪家庭，讓他們的孩子也可以吃到剛出爐的美味營養餐點。」農委會在106年3月底宣布，於該年9月起，學校午餐食材必須全面使用國產食材，且必須符合四章一Q規範。如今事隔不到兩個禮拜政策再度髮夾彎，從「強制」變「鼓勵」，使得目前尚有多個縣市未表態加入試辦。爰此，本席要求行政院將全國各縣市政府納入四章一Q政策，以維護孩子們「美味、安全、營養」的基本人權，同時啟動改善營養午餐品質，又可挽救農村經濟危機，提昇糧食自給率，並拯救台灣生態環境，請公決案。,http://lci.ly.gov.tw/LyLCEW/agenda/provisionalBill/09/04/06-1061031/0904061061031_002.pdf,0903,
09,03,12,,7,本院委員蔣乃辛等17人臨時提案，有鑑於消基會公布，公務機關爆資安大漏洞，近1年來個資外洩超過13萬筆；其中以台北市資訊局的「薪資發放管理系統」出包最嚴重，外洩數量約7萬筆，其次則是勞動部，以及中華郵政、外交部，這些外洩資訊包括身分證字號、住家地址、電話號碼、健保與勞保加保記錄、銀行及信用卡資料等，一旦被有心人掌握，將嚴重損害民眾權益與人身安全。另資安專家透露，公家機關未報案黑數，恐怕是被揭露的數倍，那才是真正令人擔憂的問題。為維護國人個資及生命財產的安全，要求行政院制定資安專法，規範公私機關妥善管理國人個資，明定洩露個資的罰則與賠償方案，並課以定期維護網站資料庫安全之責，避免駭客入侵；檢討「檢察機關打擊民生犯罪專案實施計畫」，將資安問題納入執行範圍，調查個資竊取、濫用等不法情事，以保障人民權益，請公決案。,http://misq.ly.gov.tw/MISQ/docu/201705/1060502089900200_050918521.doc,0903,
09,03,12,,8,本院委員江啟臣、顏寬恒等15人，有鑑於少子化問題日漸嚴重，為鼓勵國人願意生育，有能力養育，政府除提供育兒津貼外，必須要提出真正有效的輔助措施，由於目前公共托育機構仍不充足，許多父母為了找公共托育必須登記、排隊、抽籤，疲於奔命，工作與育兒之間難以兼顧，爰此，要求行政院應立即盤點全國幼兒托育資源，研議公托普及政策，提供平價、優質、普及且便利的公共托育機制，減輕現代父母的壓力與負擔。是否有當？請公決案。,http://lci.ly.gov.tw/LyLCEW/agenda/provisionalBill/09/03/15-1060526/0903151060526_007.pdf,0903,
09,03,12,,9,本院委員林德福等12人臨時提案，有鑑於各國致力「工業4.0」與「數位金融」的發展，許多人認為將帶來新的商機與就業機會，但也有學者專家認為政府應該預做準備，避免大規模失業潮發生。微軟創辦人比爾蓋茲主張政府應該要向使用機器人的公司課稅，以替被機器人取代的人力另謀出路。以我國為例，聘僱外國人的雇主應繳納「就業安定費」，政府設立「就業安定基金」促進國民就業，以彌補對國家社會所造成的社會成本。本席爰提案要求行政院應進行研議，未來是否應對大規模使用機器人之業者立法要求繳納「就業安定費」，以促進國民就業、提升勞工福祉之用，請公決案。,http://lci.ly.gov.tw/LyLCEW/agenda/provisionalBill/09/03/12-1060509/0903121060509_009.pdf,0903,
09,03,12,,10,本院委員吳志揚等16人臨時提案，鑒於大客車駕駛肩負全車乘客生命安全，如若工時過長，導致無法正常駕駛，對於車上乘客以及行駛路段的車輛與民眾，皆有極大影響。近期接獲民眾陳情，桃園客運等多家業者，有出現疲勞駕駛的狀況，此舉已嚴重影響乘客及路人之生命安全，故此特請政府重新就大客車業者勞動檢查相關規範提出檢討並嚴格規範與建立監督流程，在敦促各級地方政府補足勞檢人力落實勞動檢查的同時，追蹤各地勞工局勞檢狀況與後續處理情形，請公決案。,http://lci.ly.gov.tw/LyLCEW/agenda/provisionalBill/09/03/12-1060509/0903121060509_010.pdf,0903,
09,03,12,,11,本院委員張麗善等14人，有鑑於戴奧辛毒蛋事件雖然已經被農委會定調為個案，但坊間用蛋量銳減，消費者信心未能恢復，火鍋的附加雞蛋取消、商店買不到雞蛋，雞蛋銷量狂跌二成，產地價也從事件發生前的每台斤新台幣廿八‧五元，跌到每台斤廿二‧五元，跌幅二成一，市場上跌幅高達六元，創下史上單週跌幅新高，中華民國養雞協會更聲稱要申請國賠，顯示全國蛋雞場都蒙受重大損失。毒蛋事件中之戴奧辛成分究竟來自環境、水源或土壤等管道尚不明，應避免飼料汙染引爆全面性食安危機，未來對於全國養蛋場、售蛋業者之權益保障以及消費者用蛋信心恢復都還有一段路要走，爰建請行政院責成相關單位應全力輔導蛋農及養雞業者並加強推廣蛋類食品，更就全國蛋場以及牧場進行初步盤點，釐清飼料來源、飼養方式以及管理是否符合標準，以確保消費者以及農民權益。是否有當？請公決案。,http://lci.ly.gov.tw/LyLCEW/agenda/provisionalBill/09/03/15-1060526/0903151060526_005.pdf,0903,
09,03,12,,12,本院委員賴士葆等12人臨時提案，根據資策會「行動APP消費者調查分析」顯示，台灣每人平均自行下載16個的APP，每人每天約主動開啟6個APP，每周平均使用約9個APP，其中google play、Apple store、LINE等外國跨境電商，因並未在台灣設立營業據點，依法無據促使其消費問題與爭議層出不窮。然而，事實上經濟部自94年起，即開始輔導台北市電子商務消費者協會（簡稱「SOSA」），推動建置「線上選擇性爭議處理機制」（以下簡稱ODR）平台，惟SOSA目前僅有與美國BBB OnLine及新加坡Trust SG等組織相互結合，且截至105年11月加入該平台的國內線上業者僅有94家，針對未加入該平台機制之線上業者，SOSA僅能受理申訴而無法調解，突顯主管單位解決國內網購交易糾紛的成效不彰。有鑑於此，為增加國內相關消費者跨境電商消費知識，以及該管道的救濟實效，爰提案要求行政院及其相關單位，應於半年內提升加入ODR平台之線上業者比率達50%，同時於一年內提升連結之國際電商消費糾紛處理組織達5國以上，請公決案。,http://lci.ly.gov.tw/LyLCEW/agenda/provisionalBill/09/03/12-1060509/0903121060509_012.pdf,0903,
09,03,12,,13,本院委員李麗芬、呂孫綾等17人，鑒於依據衛生福利部中央健康保險署2012年至2016年18歲以下兒少各年齡層憂鬱症門診人數資料統計顯示，13至18歲就診人數每年平均數約5500人，顯見兒少於國高中職階段始受憂鬱症困擾，所帶來之各層面影響，已嚴重傷害兒少身心發展。爰此，建請行政院應建立兒少心理健康之預防與醫療措施，完備青少年友善心理健康諮詢環境，引導師生家長以正確心態面對青少年憂鬱症，並針對我國兒少心理健康定期進行研究，建置相關統計資料庫，以建立青少年憂鬱症防護網絡。是否有當？請公決案。,http://lci.ly.gov.tw/LyLCEW/agenda/provisionalBill/09/03/15-1060526/0903151060526_011.pdf,0903,
09,03,12,,14,本院委員羅明才等11人臨時提案，鑒於蘇迪勒強颱自2015年8月重創新北市新店區、烏來區等地，其災害造成嚴重的人員傷亡與財產損失。然而，一年半過去了，新店區碧潭攔水壩至今尚未修復完成，如今梅雨季與颱風季節又即將到來。爰此，本席建請行政院盡速補助相關的重建經費，以期在汛期前完成修復，請公決案。,http://lci.ly.gov.tw/LyLCEW/agenda/provisionalBill/09/04/09-1061121/0904091061121_010.pdf,0903,
09,03,12,,15,本院委員顏寬恒等17人臨時提案，有鑑於主管機關金融監督管理委員會，雖於民國103年5月1日修正「住院醫療費用保險單示範條款」中之「住院」規定，由保險公司自行決定是否將「日間住院」列為除外不保事項，以解決日間住/留院爭議。但對於舊式醫療險保戶言，爭議卻仍然存在，衍生諸多爭訟事件，引發民怨。爰建請金管會就理賠案件中，最容易發生爭議的「住院定義」與「住院必要性」，依最高法院105年度台上字第273號判決見解，明確定義「住院」，並且清查市面保單條款中的「住院」名詞定義，以免新舊保單定義混淆不清，造成實務認定困難，請公決案。,http://lci.ly.gov.tw/LyLCEW/agenda/provisionalBill/09/04/14-1061226/0904141061226_011.pdf,0903,
09,03,12,,16,本院委員Kolas Yotaka、林靜儀等13人臨時提案，為原住民族歷史正義及轉型正義，政府應正視蘭嶼居民未受核能發電之利，卻長期將放射性廢料置於蘭嶼；蘭嶼長期處於醫療資源不足之狀態，當地衛生所處理量能有限，且後送不易。爰請經濟部、衛生福利部及原住民族委員會依說明意旨，從速完成所列事項，請公決案。,http://lci.ly.gov.tw/LyLCEW/agenda/provisionalBill/09/03/12-1060509/0903121060509_016.pdf,0903,
09,03,12,,17,本院委員黃偉哲等11人臨時提案，有鑑於國內電動機車在電池、充電器與車身間的接頭未有統一規格，造成國內電動機車廠商各自採用不同規格的接頭，既不便設置共用的充電站，又不利使用者維修，導致市場難以發展，爰建請經濟部研擬電動機車電池接頭、充電器與車身間之規格標準化相關辦法，請公決案。,http://lci.ly.gov.tw/LyLCEW/agenda/provisionalBill/09/04/06-1061031/0904061061031_008.pdf,0903,
09,03,12,,18,本院委員黃國書等16人臨時提案，體育改革是全民的期待，本席也於3/21之質詢中向林全院長提醒，當前體育改革之三大阻礙即為不民主的單項協會、高齡的體發會以及行政失能的體育署，然在質詢之後，行政院對於相關問題之改善卻依然石沉大海，也讓關心體育改革民眾質疑行政院之體育改革宣示只是口號。是故，為宣示政府自身落實體育改革之決心，爰請行政院於一個月內向立法院提出：(1)體發會擴大青年參與之規劃與期程。(2)體育署內部組織改革與效能提升之規劃、期程與具體作法，以及在去年奧運過後發生之選手與協會爭議，體育署因行政怠惰、消極面對改革、縱容單項協會打壓選手，以致影響選手權益於日前再次發生戴資穎陳情國家隊球衣狀況等情事之九職等以上人員懲處報告，請公決案。,http://misq.ly.gov.tw/MISQ/docu/201705/1060502089901200_050918581.doc,0903,
09,03,12,,19,本院委員林淑芬、蔣萬安等12人臨時提案，鑒於大專院校兼任教師已成為教學主力，其工作權卻不受教師法與勞動基準法保障，淪為大學校方招之即來揮之即去的免洗筷，恐影響教學品質及學生受教權，爰提案要求勞動部應於8月1日公告大專院校之兼任教師無論是否具有本職均應一體適用勞動基準法，請公決案。,http://lci.ly.gov.tw/LyLCEW/agenda/provisionalBill/09/03/12-1060509/0903121060509_019.pdf,0903,
09,03,13,,1,本院委員廖國棟等11人臨時提案，鑒於農業缺工嚴重，中央政府補助地方政府成立「農事服務團」應急，但對聘用「農務人員」的設限須為失業者，實際運作結果，對改善缺工效果有限。爰此，要求行政院應召開跨部會溝通，研議農務人員應召募在地或鄰近鄉鎮的新農村勞動力，包括婦女、新住民、原住民等，只要有意願投入農業，接受基礎的農事技能訓練後，即可上工，除提供當地居民工作機會外，也才能紓解農村缺工的情形，請公決案。,http://lci.ly.gov.tw/LyLCEW/agenda/provisionalBill/09/04/07-1061107/0904071061107_001.pdf,0903,
09,03,13,,2,本院委員吳志揚、徐榛蔚、黃昭順、蔣萬安等11人臨時提案，有鑑於特殊教育法第18條已明定特殊教育與相關服務措施提供與設施設置，以確保身心障礙者受教之權利。惟國內高級中等學校中仍有部分並未依法設立適當之無障礙設施，據統計截至105年8月底，171所國立高級中等學校中應設置無障礙設施而未設置者尚有105所，所需設置無障礙設施計有1939項，明顯未顧及身障者之受教權，亟需進行督導並要求改善，故此建請政府相關單位，針對公私立高級中等學校進行校園無障礙設施總體檢，並限期提出改善方案，請公決案。,http://lci.ly.gov.tw/LyLCEW/agenda/provisionalBill/09/04/04-1061017/0904041061017_003.pdf,0903,
09,03,13,,3,本院委員李彥秀等14人臨時提案，鑒於我國學幼童齲齒狀況嚴重，然據實證醫學研究指出，牙齒塗氟得有效降低兒童齲齒率，而如何提高塗氟利用率，積極推廣社區巡迴塗氟服務，使牙醫師至幼托園所為幼童施作塗氟，同時落實衛生教育，乃為一有效之執行策略。詎衛生福利部卻漸縮減社區巡迴塗氟服務，忽視幼童因師長帶領及同伴學習效應，誠有助於提高塗氟利用率。爰建請衛生福利部於一個月內研議將社區巡迴塗氟服務擴及全國，俾利緩減幼童齲齒問題，請公決案。,http://lci.ly.gov.tw/LyLCEW/agenda/provisionalBill/09/04/02-1061003/0904021061003_003.pdf,0903,
09,03,13,,4,本院委員張麗善等14人，有鑑於戴奧辛毒蛋事件雖然已經被農委會定調為個案，但坊間用蛋量銳減，消費者信心未能恢復，火鍋的附加雞蛋取消、商店買不到雞蛋，雞蛋銷量狂跌二成，產地價也從事件發生前的每台斤新台幣廿八‧五元，跌到每台斤廿二‧五元，跌幅二成一，市場上跌幅高達六元，創下史上單週跌幅新高，中華民國養雞協會更聲稱要申請國賠，顯示全國蛋雞場都蒙受重大損失。毒蛋事件中之戴奧辛成分究竟來自環境、水源或土壤等管道尚不明，應避免飼料汙染引爆全面性食安危機，未來對於全國養蛋場、售蛋業者之權益保障以及消費者用蛋信心恢復都還有一段路要走，爰建請行政院責成相關單位應全力輔導蛋農及養雞業者並加強推廣蛋類食品，更就全國蛋場以及牧場進行初步盤點，釐清飼料來源、飼養方式以及管理是否符合標準，以確保消費者以及農民權益。是否有當？請公決案。,http://lci.ly.gov.tw/LyLCEW/agenda/provisionalBill/09/03/15-1060526/0903151060526_005.pdf,0903,
09,03,13,,5,本院委員林德福等16人，有鑑於太極拳是適合全民從事的養身運動，許多熱心的太極拳教練在全國各鄰里間義務教學，推廣太極拳，讓有興趣的民眾可以參與學習。本席認為健康是人生最大的財富，而運動能讓人更健康，只要經常保持良好運動習慣，不但能紓解壓力，更能遠離疾病。可見義務教學教練除了對「推廣全民運動」有幫助外，更間接有助於減少健保與長照支出。爰提案建請教育部體育署頒發獎狀，以鼓勵義務教學教練推廣全民運動（例如：太極拳）。是否有當？請公決案。,http://lci.ly.gov.tw/LyLCEW/agenda/provisionalBill/09/04/12-1061212/0904121061212_005.pdf,0903,
09,03,13,,6,本院委員賴士葆等13人臨時提案，查政府擬舉債8900億元以進行前瞻基礎建設，其中一半的經費四千多億元投資在軌道建設上；而目前所有之軌道建設，不論是高鐵、鐵道、捷運、輕軌等，皆以電力維持全時運行，所增之額外電力需求不少。在目前政府嘗試推動綠能，封存核電，欲打造無核家園，而全台電力供應極度吃緊的狀況下，此額外電力需求從何而來？而前瞻基礎建設中之綠能建設僅兩百多億元（243.15億元），但迄今台灣空污情形持續嚴重，如何帶給民眾乾淨的生活環境？又滿足軌道建設所需！為保障民眾健康，維護空氣品質，爰提案要求行政院前瞻基礎建設中之綠能建設，必須產出足夠之乾淨能源，供應全數軌道建設未來運轉之動力所需，請公決案。,http://lci.ly.gov.tw/LyLCEW/agenda/provisionalBill/09/04/07-1061107/0904071061107_008.pdf,0903,
09,03,13,,7,本院委員顏寬恒等17人臨時提案，有鑑於主管機關金融監督管理委員會，雖於民國103年5月1日修正「住院醫療費用保險單示範條款」中之「住院」規定，由保險公司自行決定是否將「日間住院」列為除外不保事項，以解決日間住/留院爭議。但對於舊式醫療險保戶言，爭議卻仍然存在，衍生諸多爭訟事件，引發民怨。爰建請金管會就理賠案件中，最容易發生爭議的「住院定義」與「住院必要性」，依最高法院105年度台上字第273號判決見解，明確定義「住院」，並且清查市面保單條款中的「住院」名詞定義，以免新舊保單定義混淆不清，造成實務認定困難，請公決案。,http://lci.ly.gov.tw/LyLCEW/agenda/provisionalBill/09/04/14-1061226/0904141061226_011.pdf,0903,
09,03,13,,8,本院委員周春米、呂孫綾、邱泰源、Kolas Yotaka等22人，鑑於偏鄉醫療資源嚴重缺乏，醫療資源比過低，致偏鄉地區當地居民之健康保障極為不足，對同樣按法規繳納稅金、健康保險費用之偏鄉居民極為不公。爰要求行政院除應立即投入資源，補足偏鄉地區長期欠缺之醫療設備，改善其醫療環境，並妥善規劃長期之醫療政策，以均衡城鄉差距，落實醫療平權、保障偏鄉居民健康權益。是否有當？請公決案。,http://lci.ly.gov.tw/LyLCEW/agenda/provisionalBill/09/03/14-1060523/0903141060523_014.pdf,0903,
09,03,13,,9,本院委員邱志偉等11人，為因應我國當前所面臨少子化而造成人口結構嚴重失衡之國安危機，且全台灣三百多個鄉鎮中竟然還有7成以上的鄉鎮地區沒有婦產科醫師，基層婦女民眾找不到產科醫師產檢及接生等醫療照護，嚴重威脅基層地區婦幼民眾健康權益！故為具體有效解決在全民健保體制下確保婦產科醫師與基層民眾之權益並落實產科醫療整合轉診政策，建請衛生福利部應提出檢討改善計畫，須以民國101年度健保生產項目醫療費用總支出額度，作為「全民健保婦女生育醫療整合照護論人支付制度試辦計畫」中生產項目年度給付之固定（虛擬）基期，而試辦實施之時程至少須3年以上；且至少須於南部高屏及宜蘭花東婦產科醫療資源嚴重缺乏地區優先辦理。使該試辦計畫能具體執行以落實全民健保分級醫療及推行政府鼓勵生育政策之前端醫療完整照護並且可減輕婦女生育之經濟負擔，得保障基層婦女民眾之健康權利，提升婦女生育之友善環境。是否有當？請公決案。,http://lci.ly.gov.tw/LyLCEW/agenda/provisionalBill/09/03/14-1060523/0903141060523_010.pdf,0903,
09,03,13,,10,本院委員簡東明等22人，鑑於目前政府雖有心推動原鄉地區重大建設，但相關部會除編列足額預算以外，應考量原鄉地區縣市政府及鄉公所負擔能力。以「原住民及花東離島地區殯葬設施改善計畫」、「台東縣蘭嶼鄉環島公路工程經費」兩項計畫為例：地方負擔動輒以千萬元起算，若超過時限地方未籌足自籌款，預算將遭註銷，損及政府照顧原鄉美意，因此爰提案要求行政院、主計總處等單位重視此問題，因地制宜降低原鄉自籌款數額，或直接改以「專案方式」協助。是否有當？請公決案。,http://lci.ly.gov.tw/LyLCEW/agenda/provisionalBill/09/03/14-1060523/0903141060523_003.pdf,0903,
09,03,13,,11,本院委員鄭寶清等17人，鑒於我駐外館處與駐臺機構車輛牌照待遇不對等之情況，已嚴重影響國格。據查，我國提供外國駐臺機構車輛牌照「使」字車牌及「外」字車牌等外交禮遇之國家中，幾乎所有國家都同樣給予我國外交禮遇車牌之待遇，包括美國、加拿大、法國、荷蘭、韓國等，然而卻有少部分國家始終拒絕給予我國駐外館處外交禮遇車牌，包括澳洲、印度、日本、紐西蘭、泰國、蒙古、阿曼、德國、波蘭、西班牙、瑞典等11國，造成外交不對等之現象，若外交部未極力爭取並嚴正抗議，形同自我矮化，爰此，建請外交部明確要求上述11國平等對待我國，若無法達到平等之對待，應即撤銷其駐臺機構車輛之外交禮遇車牌待遇，方能符合對等原則，並彰顯我國之國格。是否有當？請公決案。,http://lci.ly.gov.tw/LyLCEW/agenda/provisionalBill/09/03/14-1060523/0903141060523_015.pdf,0903,
09,03,13,,12,本院委員黃偉哲等11人臨時提案，有鑑於國內電動機車在電池、充電器與車身間的接頭未有統一規格，造成國內電動機車廠商各自採用不同規格的接頭，既不便設置共用的充電站，又不利使用者維修，導致市場難以發展，爰建請經濟部研擬電動機車電池接頭、充電器與車身間之規格標準化相關辦法，請公決案。,http://lci.ly.gov.tw/LyLCEW/agenda/provisionalBill/09/04/06-1061031/0904061061031_008.pdf,0903,
09,03,13,,13,本院委員江啟臣、顏寬恒等15人，有鑑於少子化問題日漸嚴重，為鼓勵國人願意生育，有能力養育，政府除提供育兒津貼外，必須要提出真正有效的輔助措施，由於目前公共托育機構仍不充足，許多父母為了找公共托育必須登記、排隊、抽籤，疲於奔命，工作與育兒之間難以兼顧，爰此，要求行政院應立即盤點全國幼兒托育資源，研議公托普及政策，提供平價、優質、普及且便利的公共托育機制，減輕現代父母的壓力與負擔。是否有當？請公決案。,http://lci.ly.gov.tw/LyLCEW/agenda/provisionalBill/09/03/15-1060526/0903151060526_007.pdf,0903,
09,03,13,,14,本院委員林麗蟬等19人臨時提案，鑒於目前新住民二代人數已突破35萬人，然而目前教育部僅針對國中及國小階段之新住民二代進行數據蒐集及統計，使得相關行政單位與研究單位未能獲致新二代於完成國民義務教育後之追蹤統計，相關單位提出更適切之政策及研究更為困難，亦缺乏長期政策之規劃眼光與手段。鑒此，建請教育部將高中以上及學齡前之新住民二代納入統計資料中，以完善我國新住民相關統計，為我國培養優秀新住民二代提供最好的後援，請公決案。,http://lci.ly.gov.tw/LyLCEW/agenda/provisionalBill/09/04/01-1060926/0904011060926_005.pdf,0903,
09,03,13,,15,本院委員蔣乃辛等16人，有鑑於健保局改制為行政機關後，衛福部藉口無法源依據，不得設置附屬醫療機構，故有意裁撤原有聯合門診中心。然查，不僅在法律上並無任何規定行政機關不得設立醫療機構，而且實際上，衛福部乃行政機關，但仍設有26家部立醫院，各直轄市政府亦為行政機關，但均設有市立聯合醫院，榮總亦係由行政機關之行政院退除役官兵輔導委員會所設。可見，行政機關當然可以設置醫療院所，為維護台北市民的就醫權益，本席等要求行政院繼續設置信義聯合門診中心。是否有當？請公決案。,http://lci.ly.gov.tw/LyLCEW/agenda/provisionalBill/09/03/15-1060526/0903151060526_010.pdf,0903,
09,03,13,,16,本院委員羅明才等11人臨時提案，鑒於蘇迪勒強颱自2015年8月重創新北市新店區、烏來區等地，其災害造成嚴重的人員傷亡與財產損失。然而，一年半過去了，新店區碧潭攔水壩至今尚未修復完成，如今梅雨季與颱風季節又即將到來。爰此，本席建請行政院盡速補助相關的重建經費，以期在汛期前完成修復，請公決案。,http://lci.ly.gov.tw/LyLCEW/agenda/provisionalBill/09/04/09-1061121/0904091061121_010.pdf,0903,
09,03,13,,17,本院委員李麗芬、呂孫綾等17人，鑒於依據衛生福利部中央健康保險署2012年至2016年18歲以下兒少各年齡層憂鬱症門診人數資料統計顯示，13至18歲就診人數每年平均數約5500人，顯見兒少於國高中職階段始受憂鬱症困擾，所帶來之各層面影響，已嚴重傷害兒少身心發展。爰此，建請行政院應建立兒少心理健康之預防與醫療措施，完備青少年友善心理健康諮詢環境，引導師生家長以正確心態面對青少年憂鬱症，並針對我國兒少心理健康定期進行研究，建置相關統計資料庫，以建立青少年憂鬱症防護網絡。是否有當？請公決案。,http://lci.ly.gov.tw/LyLCEW/agenda/provisionalBill/09/03/15-1060526/0903151060526_011.pdf,0903,
09,03,13,,18,本院委員蔣萬安、陳怡潔等13人，鑑於外國白領專業人才來台屢遇法令障礙，例如：先前法國藍帶廚師僅能申請教授法語，無法教授廚藝，以及近日國內劇團邀請外國編導來台，卻受法令500萬元資本額限制阻擋等，顯示我國外國白領專業人才來台法規僵化。目前外籍專業人才來台申請程序由勞動部負責，惟隨我國公私部門國際交流日漸密切，外籍人才來台樣態多元，爭議案件漸多。目前政府雖已擬定吸引、鬆綁外籍人才之相關政策、法規，然外籍人才來台之許可審查制度仍存有許多不合時宜之處。爰要求行政院應就現行就業服務法第四十六條各款工作資格及審查標準爭議案件進行全盤檢討，並研擬制度改善政策，以促進國際交流、推動國內外人才流動。是否有當？請公決案。,http://lci.ly.gov.tw/LyLCEW/agenda/provisionalBill/09/03/13-1060516/0903131060516_018.pdf,0903,
09,03,13,,19,本院委員高潞．以用．巴魕刺Kawlo．Iyun．Pacidal等13人，有鑒於現行「原住民族語扎根計畫」，其收托幼兒年齡以1足歲至5歲為限。查原住民族委員會認為該年齡限制係因為0歲至1歲之兒童無法與保母有效互動。惟研究顯示，幼兒之語言學習特別是聽力部分於0歲即開始，原住民族委員會忽略聽力學習之效果，恐使原住民嬰幼兒喪失語言黃金發展期之學習機會。爰此，建請原住民族委員會，將「原住民族語扎根計畫」收托幼兒年齡修正為0至5歲。是否有當？請公決案。,http://lci.ly.gov.tw/LyLCEW/agenda/provisionalBill/09/03/13-1060516/0903131060516_019.pdf,0903,
09,03,14,,1,本院委員李彥秀等14人臨時提案，鑒於我國學幼童齲齒狀況嚴重，然據實證醫學研究指出，牙齒塗氟得有效降低兒童齲齒率，而如何提高塗氟利用率，積極推廣社區巡迴塗氟服務，使牙醫師至幼托園所為幼童施作塗氟，同時落實衛生教育，乃為一有效之執行策略。詎衛生福利部卻漸縮減社區巡迴塗氟服務，忽視幼童因師長帶領及同伴學習效應，誠有助於提高塗氟利用率。爰建請衛生福利部於一個月內研議將社區巡迴塗氟服務擴及全國，俾利緩減幼童齲齒問題，請公決案。,http://lci.ly.gov.tw/LyLCEW/agenda/provisionalBill/09/04/02-1061003/0904021061003_003.pdf,0903,
09,03,14,,2,本院委員廖國棟等11人臨時提案，鑒於農業缺工嚴重，中央政府補助地方政府成立「農事服務團」應急，但對聘用「農務人員」的設限須為失業者，實際運作結果，對改善缺工效果有限。爰此，要求行政院應召開跨部會溝通，研議農務人員應召募在地或鄰近鄉鎮的新農村勞動力，包括婦女、新住民、原住民等，只要有意願投入農業，接受基礎的農事技能訓練後，即可上工，除提供當地居民工作機會外，也才能紓解農村缺工的情形，請公決案。,http://lci.ly.gov.tw/LyLCEW/agenda/provisionalBill/09/04/07-1061107/0904071061107_001.pdf,0903,
09,03,14,,3,本院委員簡東明等22人，鑑於目前政府雖有心推動原鄉地區重大建設，但相關部會除編列足額預算以外，應考量原鄉地區縣市政府及鄉公所負擔能力。以「原住民及花東離島地區殯葬設施改善計畫」、「台東縣蘭嶼鄉環島公路工程經費」兩項計畫為例：地方負擔動輒以千萬元起算，若超過時限地方未籌足自籌款，預算將遭註銷，損及政府照顧原鄉美意，因此爰提案要求行政院、主計總處等單位重視此問題，因地制宜降低原鄉自籌款數額，或直接改以「專案方式」協助。是否有當？請公決案。,http://lci.ly.gov.tw/LyLCEW/agenda/provisionalBill/09/03/14-1060523/0903141060523_003.pdf,0903,
09,03,14,,4,本院委員張麗善等14人，有鑑於戴奧辛毒蛋事件雖然已經被農委會定調為個案，但坊間用蛋量銳減，消費者信心未能恢復，火鍋的附加雞蛋取消、商店買不到雞蛋，雞蛋銷量狂跌二成，產地價也從事件發生前的每台斤新台幣廿八‧五元，跌到每台斤廿二‧五元，跌幅二成一，市場上跌幅高達六元，創下史上單週跌幅新高，中華民國養雞協會更聲稱要申請國賠，顯示全國蛋雞場都蒙受重大損失。毒蛋事件中之戴奧辛成分究竟來自環境、水源或土壤等管道尚不明，應避免飼料汙染引爆全面性食安危機，未來對於全國養蛋場、售蛋業者之權益保障以及消費者用蛋信心恢復都還有一段路要走，爰建請行政院責成相關單位應全力輔導蛋農及養雞業者並加強推廣蛋類食品，更就全國蛋場以及牧場進行初步盤點，釐清飼料來源、飼養方式以及管理是否符合標準，以確保消費者以及農民權益。是否有當？請公決案。,http://lci.ly.gov.tw/LyLCEW/agenda/provisionalBill/09/03/15-1060526/0903151060526_005.pdf,0903,
09,03,14,,5,本院委員孔文吉等21人，鑑於今（106）年八田與一銅像遭破壞後，蔣介石銅像亦遭人噴漆、破壞及洩恨，可見目前統獨人士的對立越來越激烈，無助於台灣社會的和諧與團結。惟原住民族在台灣社會常常扮演著「少數對多數的包容、被害人對加害人的寬恕」的角色，而對於蔣介石的「功」與「過」大都採取肯認與寬容的態度。故本席建請原住民族委員會調查目前位於原住民地區的蔣介石銅像數量及其設置地點，並規劃於原住民地區設立蔣介石銅像園區的可行性，以減少統獨人士之間的激烈對立，並促進台灣社會與族群間的團結與和諧。是否有當？請公決案。,http://lci.ly.gov.tw/LyLCEW/agenda/provisionalBill/09/03/14-1060523/0903141060523_005.pdf,0903,
09,03,14,,6,本院委員吳志揚、徐榛蔚、黃昭順、蔣萬安等11人臨時提案，有鑑於特殊教育法第18條已明定特殊教育與相關服務措施提供與設施設置，以確保身心障礙者受教之權利。惟國內高級中等學校中仍有部分並未依法設立適當之無障礙設施，據統計截至105年8月底，171所國立高級中等學校中應設置無障礙設施而未設置者尚有105所，所需設置無障礙設施計有1939項，明顯未顧及身障者之受教權，亟需進行督導並要求改善，故此建請政府相關單位，針對公私立高級中等學校進行校園無障礙設施總體檢，並限期提出改善方案，請公決案。,http://lci.ly.gov.tw/LyLCEW/agenda/provisionalBill/09/04/04-1061017/0904041061017_003.pdf,0903,
09,03,14,,7,本院委員林麗蟬等19人臨時提案，鑒於目前新住民二代人數已突破35萬人，然而目前教育部僅針對國中及國小階段之新住民二代進行數據蒐集及統計，使得相關行政單位與研究單位未能獲致新二代於完成國民義務教育後之追蹤統計，相關單位提出更適切之政策及研究更為困難，亦缺乏長期政策之規劃眼光與手段。鑒此，建請教育部將高中以上及學齡前之新住民二代納入統計資料中，以完善我國新住民相關統計，為我國培養優秀新住民二代提供最好的後援，請公決案。,http://lci.ly.gov.tw/LyLCEW/agenda/provisionalBill/09/04/01-1060926/0904011060926_005.pdf,0903,
09,03,14,,8,本院委員蔣乃辛等16人，有鑑於健保局改制為行政機關後，衛福部藉口無法源依據，不得設置附屬醫療機構，故有意裁撤原有聯合門診中心。然查，不僅在法律上並無任何規定行政機關不得設立醫療機構，而且實際上，衛福部乃行政機關，但仍設有26家部立醫院，各直轄市政府亦為行政機關，但均設有市立聯合醫院，榮總亦係由行政機關之行政院退除役官兵輔導委員會所設。可見，行政機關當然可以設置醫療院所，為維護台北市民的就醫權益，本席等要求行政院繼續設置信義聯合門診中心。是否有當？請公決案。,http://lci.ly.gov.tw/LyLCEW/agenda/provisionalBill/09/03/15-1060526/0903151060526_010.pdf,0903,
09,03,14,,9,本院委員賴士葆等13人臨時提案，查政府擬舉債8900億元以進行前瞻基礎建設，其中一半的經費四千多億元投資在軌道建設上；而目前所有之軌道建設，不論是高鐵、鐵道、捷運、輕軌等，皆以電力維持全時運行，所增之額外電力需求不少。在目前政府嘗試推動綠能，封存核電，欲打造無核家園，而全台電力供應極度吃緊的狀況下，此額外電力需求從何而來？而前瞻基礎建設中之綠能建設僅兩百多億元（243.15億元），但迄今台灣空污情形持續嚴重，如何帶給民眾乾淨的生活環境？又滿足軌道建設所需！為保障民眾健康，維護空氣品質，爰提案要求行政院前瞻基礎建設中之綠能建設，必須產出足夠之乾淨能源，供應全數軌道建設未來運轉之動力所需，請公決案。,http://lci.ly.gov.tw/LyLCEW/agenda/provisionalBill/09/04/07-1061107/0904071061107_008.pdf,0903,
09,03,14,,10,本院委員邱志偉等11人，為因應我國當前所面臨少子化而造成人口結構嚴重失衡之國安危機，且全台灣三百多個鄉鎮中竟然還有7成以上的鄉鎮地區沒有婦產科醫師，基層婦女民眾找不到產科醫師產檢及接生等醫療照護，嚴重威脅基層地區婦幼民眾健康權益！故為具體有效解決在全民健保體制下確保婦產科醫師與基層民眾之權益並落實產科醫療整合轉診政策，建請衛生福利部應提出檢討改善計畫，須以民國101年度健保生產項目醫療費用總支出額度，作為「全民健保婦女生育醫療整合照護論人支付制度試辦計畫」中生產項目年度給付之固定（虛擬）基期，而試辦實施之時程至少須3年以上；且至少須於南部高屏及宜蘭花東婦產科醫療資源嚴重缺乏地區優先辦理。使該試辦計畫能具體執行以落實全民健保分級醫療及推行政府鼓勵生育政策之前端醫療完整照護並且可減輕婦女生育之經濟負擔，得保障基層婦女民眾之健康權利，提升婦女生育之友善環境。是否有當？請公決案。,http://lci.ly.gov.tw/LyLCEW/agenda/provisionalBill/09/03/14-1060523/0903141060523_010.pdf,0903,
09,03,14,,11,本院委員盧秀燕等11人臨時提案，有鑑於校園營養午餐開辦的初衷，是「幫助無法為孩子送餐的雙薪家庭，讓他們的孩子也可以吃到剛出爐的美味營養餐點。」農委會在106年3月底宣布，於該年9月起，學校午餐食材必須全面使用國產食材，且必須符合四章一Q規範。如今事隔不到兩個禮拜政策再度髮夾彎，從「強制」變「鼓勵」，使得目前尚有多個縣市未表態加入試辦。爰此，本席要求行政院將全國各縣市政府納入四章一Q政策，以維護孩子們「美味、安全、營養」的基本人權，同時啟動改善營養午餐品質，又可挽救農村經濟危機，提昇糧食自給率，並拯救台灣生態環境，請公決案。,http://lci.ly.gov.tw/LyLCEW/agenda/provisionalBill/09/04/06-1061031/0904061061031_002.pdf,0903,
09,03,14,,12,本院委員黃偉哲等11人臨時提案，有鑑於國內電動機車在電池、充電器與車身間的接頭未有統一規格，造成國內電動機車廠商各自採用不同規格的接頭，既不便設置共用的充電站，又不利使用者維修，導致市場難以發展，爰建請經濟部研擬電動機車電池接頭、充電器與車身間之規格標準化相關辦法，請公決案。,http://lci.ly.gov.tw/LyLCEW/agenda/provisionalBill/09/04/06-1061031/0904061061031_008.pdf,0903,
09,03,14,,13,本院委員顏寬恒等17人臨時提案，有鑑於主管機關金融監督管理委員會，雖於民國103年5月1日修正「住院醫療費用保險單示範條款」中之「住院」規定，由保險公司自行決定是否將「日間住院」列為除外不保事項，以解決日間住/留院爭議。但對於舊式醫療險保戶言，爭議卻仍然存在，衍生諸多爭訟事件，引發民怨。爰建請金管會就理賠案件中，最容易發生爭議的「住院定義」與「住院必要性」，依最高法院105年度台上字第273號判決見解，明確定義「住院」，並且清查市面保單條款中的「住院」名詞定義，以免新舊保單定義混淆不清，造成實務認定困難，請公決案。,http://lci.ly.gov.tw/LyLCEW/agenda/provisionalBill/09/04/14-1061226/0904141061226_011.pdf,0903,
09,03,14,,14,本院委員周春米、呂孫綾、邱泰源、Kolas Yotaka等22人，鑑於偏鄉醫療資源嚴重缺乏，醫療資源比過低，致偏鄉地區當地居民之健康保障極為不足，對同樣按法規繳納稅金、健康保險費用之偏鄉居民極為不公。爰要求行政院除應立即投入資源，補足偏鄉地區長期欠缺之醫療設備，改善其醫療環境，並妥善規劃長期之醫療政策，以均衡城鄉差距，落實醫療平權、保障偏鄉居民健康權益。是否有當？請公決案。,http://lci.ly.gov.tw/LyLCEW/agenda/provisionalBill/09/03/14-1060523/0903141060523_014.pdf,0903,
09,03,14,,15,本院委員鄭寶清等17人，鑒於我駐外館處與駐臺機構車輛牌照待遇不對等之情況，已嚴重影響國格。據查，我國提供外國駐臺機構車輛牌照「使」字車牌及「外」字車牌等外交禮遇之國家中，幾乎所有國家都同樣給予我國外交禮遇車牌之待遇，包括美國、加拿大、法國、荷蘭、韓國等，然而卻有少部分國家始終拒絕給予我國駐外館處外交禮遇車牌，包括澳洲、印度、日本、紐西蘭、泰國、蒙古、阿曼、德國、波蘭、西班牙、瑞典等11國，造成外交不對等之現象，若外交部未極力爭取並嚴正抗議，形同自我矮化，爰此，建請外交部明確要求上述11國平等對待我國，若無法達到平等之對待，應即撤銷其駐臺機構車輛之外交禮遇車牌待遇，方能符合對等原則，並彰顯我國之國格。是否有當？請公決案。,http://lci.ly.gov.tw/LyLCEW/agenda/provisionalBill/09/03/14-1060523/0903141060523_015.pdf,0903,
09,03,14,,16,本院委員李麗芬、呂孫綾等17人，鑒於依據衛生福利部中央健康保險署2012年至2016年18歲以下兒少各年齡層憂鬱症門診人數資料統計顯示，13至18歲就診人數每年平均數約5500人，顯見兒少於國高中職階段始受憂鬱症困擾，所帶來之各層面影響，已嚴重傷害兒少身心發展。爰此，建請行政院應建立兒少心理健康之預防與醫療措施，完備青少年友善心理健康諮詢環境，引導師生家長以正確心態面對青少年憂鬱症，並針對我國兒少心理健康定期進行研究，建置相關統計資料庫，以建立青少年憂鬱症防護網絡。是否有當？請公決案。,http://lci.ly.gov.tw/LyLCEW/agenda/provisionalBill/09/03/15-1060526/0903151060526_011.pdf,0903,
09,03,14,,17,本院委員莊瑞雄等16人，有鑑於恆春醫療資源嚴重不足，高雄醫學大學調查指出恆春地區每位西醫服務人數和全國平均值差距近3倍，急重症醫療資源更遠低於全國平均值，在地人赴外地就醫比例過高，顯示恆春半島醫療資源城鄉差距相當嚴重。目前恆春地區共有三間中小型醫院，總共158床急診病床，看起來病床數雖然足夠，但醫護人員卻嚴重不足。且此三間醫院雖有急診醫療，但若發生類似八仙塵爆大規模重大意外，傷患必須北送高雄，唯一一條救命之路卻長達120公里，而且前80公里為一般平面道路，只有最後40公里才是高速公路，對於與死神在搶時間的急診病人，無異是雪上加霜。為提升恆春半島的醫療品質，且讓當地居民也能享有完善的就醫環境及醫療照顧。建請行政院協調國防部、退輔會及衛福部，評估在恆春設立國軍恆春總醫院或高雄榮總恆春分院，讓醫療中心的資源也能進駐台灣最南端，不要讓恆春成為台灣醫療孤島。是否有當？請公決案。,http://lci.ly.gov.tw/LyLCEW/agenda/provisionalBill/09/03/14-1060523/0903141060523_017.pdf,0903,
09,03,15,,1,本院委員廖國棟等11人臨時提案，鑒於農業缺工嚴重，中央政府補助地方政府成立「農事服務團」應急，但對聘用「農務人員」的設限須為失業者，實際運作結果，對改善缺工效果有限。爰此，要求行政院應召開跨部會溝通，研議農務人員應召募在地或鄰近鄉鎮的新農村勞動力，包括婦女、新住民、原住民等，只要有意願投入農業，接受基礎的農事技能訓練後，即可上工，除提供當地居民工作機會外，也才能紓解農村缺工的情形，請公決案。,http://lci.ly.gov.tw/LyLCEW/agenda/provisionalBill/09/04/07-1061107/0904071061107_001.pdf,0903,
09,03,15,,2,本院委員李彥秀等14人臨時提案，鑒於我國學幼童齲齒狀況嚴重，然據實證醫學研究指出，牙齒塗氟得有效降低兒童齲齒率，而如何提高塗氟利用率，積極推廣社區巡迴塗氟服務，使牙醫師至幼托園所為幼童施作塗氟，同時落實衛生教育，乃為一有效之執行策略。詎衛生福利部卻漸縮減社區巡迴塗氟服務，忽視幼童因師長帶領及同伴學習效應，誠有助於提高塗氟利用率。爰建請衛生福利部於一個月內研議將社區巡迴塗氟服務擴及全國，俾利緩減幼童齲齒問題，請公決案。,http://lci.ly.gov.tw/LyLCEW/agenda/provisionalBill/09/04/02-1061003/0904021061003_003.pdf,0903,
09,03,15,,3,本院委員林德福等16人，有鑑於太極拳是適合全民從事的養身運動，許多熱心的太極拳教練在全國各鄰里間義務教學，推廣太極拳，讓有興趣的民眾可以參與學習。本席認為健康是人生最大的財富，而運動能讓人更健康，只要經常保持良好運動習慣，不但能紓解壓力，更能遠離疾病。可見義務教學教練除了對「推廣全民運動」有幫助外，更間接有助於減少健保與長照支出。爰提案建請教育部體育署頒發獎狀，以鼓勵義務教學教練推廣全民運動（例如：太極拳）。是否有當？請公決案。,http://lci.ly.gov.tw/LyLCEW/agenda/provisionalBill/09/04/12-1061212/0904121061212_005.pdf,0903,
09,03,15,,4,本院委員林麗蟬等19人臨時提案，鑒於目前新住民二代人數已突破35萬人，然而目前教育部僅針對國中及國小階段之新住民二代進行數據蒐集及統計，使得相關行政單位與研究單位未能獲致新二代於完成國民義務教育後之追蹤統計，相關單位提出更適切之政策及研究更為困難，亦缺乏長期政策之規劃眼光與手段。鑒此，建請教育部將高中以上及學齡前之新住民二代納入統計資料中，以完善我國新住民相關統計，為我國培養優秀新住民二代提供最好的後援，請公決案。,http://lci.ly.gov.tw/LyLCEW/agenda/provisionalBill/09/04/01-1060926/0904011060926_005.pdf,0903,
09,03,15,,5,本院委員張麗善等14人，有鑑於戴奧辛毒蛋事件雖然已經被農委會定調為個案，但坊間用蛋量銳減，消費者信心未能恢復，火鍋的附加雞蛋取消、商店買不到雞蛋，雞蛋銷量狂跌二成，產地價也從事件發生前的每台斤新台幣廿八‧五元，跌到每台斤廿二‧五元，跌幅二成一，市場上跌幅高達六元，創下史上單週跌幅新高，中華民國養雞協會更聲稱要申請國賠，顯示全國蛋雞場都蒙受重大損失。毒蛋事件中之戴奧辛成分究竟來自環境、水源或土壤等管道尚不明，應避免飼料汙染引爆全面性食安危機，未來對於全國養蛋場、售蛋業者之權益保障以及消費者用蛋信心恢復都還有一段路要走，爰建請行政院責成相關單位應全力輔導蛋農及養雞業者並加強推廣蛋類食品，更就全國蛋場以及牧場進行初步盤點，釐清飼料來源、飼養方式以及管理是否符合標準，以確保消費者以及農民權益。是否有當？請公決案。,http://lci.ly.gov.tw/LyLCEW/agenda/provisionalBill/09/03/15-1060526/0903151060526_005.pdf,0903,
09,03,15,,6,本院委員羅明才等11人臨時提案，鑒於蘇迪勒強颱自2015年8月重創新北市新店區、烏來區等地，其災害造成嚴重的人員傷亡與財產損失。然而，一年半過去了，新店區碧潭攔水壩至今尚未修復完成，如今梅雨季與颱風季節又即將到來。爰此，本席建請行政院盡速補助相關的重建經費，以期在汛期前完成修復，請公決案。,http://lci.ly.gov.tw/LyLCEW/agenda/provisionalBill/09/04/09-1061121/0904091061121_010.pdf,0903,
09,03,15,,7,本院委員江啟臣、顏寬恒等15人，有鑑於少子化問題日漸嚴重，為鼓勵國人願意生育，有能力養育，政府除提供育兒津貼外，必須要提出真正有效的輔助措施，由於目前公共托育機構仍不充足，許多父母為了找公共托育必須登記、排隊、抽籤，疲於奔命，工作與育兒之間難以兼顧，爰此，要求行政院應立即盤點全國幼兒托育資源，研議公托普及政策，提供平價、優質、普及且便利的公共托育機制，減輕現代父母的壓力與負擔。是否有當？請公決案。,http://lci.ly.gov.tw/LyLCEW/agenda/provisionalBill/09/03/15-1060526/0903151060526_007.pdf,0903,
09,03,15,,8,本院委員吳志揚、徐榛蔚、黃昭順、蔣萬安等11人臨時提案，有鑑於特殊教育法第18條已明定特殊教育與相關服務措施提供與設施設置，以確保身心障礙者受教之權利。惟國內高級中等學校中仍有部分並未依法設立適當之無障礙設施，據統計截至105年8月底，171所國立高級中等學校中應設置無障礙設施而未設置者尚有105所，所需設置無障礙設施計有1939項，明顯未顧及身障者之受教權，亟需進行督導並要求改善，故此建請政府相關單位，針對公私立高級中等學校進行校園無障礙設施總體檢，並限期提出改善方案，請公決案。,http://lci.ly.gov.tw/LyLCEW/agenda/provisionalBill/09/04/04-1061017/0904041061017_003.pdf,0903,
09,03,15,,9,本院委員賴士葆等13人臨時提案，查政府擬舉債8900億元以進行前瞻基礎建設，其中一半的經費四千多億元投資在軌道建設上；而目前所有之軌道建設，不論是高鐵、鐵道、捷運、輕軌等，皆以電力維持全時運行，所增之額外電力需求不少。在目前政府嘗試推動綠能，封存核電，欲打造無核家園，而全台電力供應極度吃緊的狀況下，此額外電力需求從何而來？而前瞻基礎建設中之綠能建設僅兩百多億元（243.15億元），但迄今台灣空污情形持續嚴重，如何帶給民眾乾淨的生活環境？又滿足軌道建設所需！為保障民眾健康，維護空氣品質，爰提案要求行政院前瞻基礎建設中之綠能建設，必須產出足夠之乾淨能源，供應全數軌道建設未來運轉之動力所需，請公決案。,http://lci.ly.gov.tw/LyLCEW/agenda/provisionalBill/09/04/07-1061107/0904071061107_008.pdf,0903,
09,03,15,,10,本院委員蔣乃辛等16人，有鑑於健保局改制為行政機關後，衛福部藉口無法源依據，不得設置附屬醫療機構，故有意裁撤原有聯合門診中心。然查，不僅在法律上並無任何規定行政機關不得設立醫療機構，而且實際上，衛福部乃行政機關，但仍設有26家部立醫院，各直轄市政府亦為行政機關，但均設有市立聯合醫院，榮總亦係由行政機關之行政院退除役官兵輔導委員會所設。可見，行政機關當然可以設置醫療院所，為維護台北市民的就醫權益，本席等要求行政院繼續設置信義聯合門診中心。是否有當？請公決案。,http://lci.ly.gov.tw/LyLCEW/agenda/provisionalBill/09/03/15-1060526/0903151060526_010.pdf,0903,
09,03,15,,11,本院委員李麗芬、呂孫綾等17人，鑒於依據衛生福利部中央健康保險署2012年至2016年18歲以下兒少各年齡層憂鬱症門診人數資料統計顯示，13至18歲就診人數每年平均數約5500人，顯見兒少於國高中職階段始受憂鬱症困擾，所帶來之各層面影響，已嚴重傷害兒少身心發展。爰此，建請行政院應建立兒少心理健康之預防與醫療措施，完備青少年友善心理健康諮詢環境，引導師生家長以正確心態面對青少年憂鬱症，並針對我國兒少心理健康定期進行研究，建置相關統計資料庫，以建立青少年憂鬱症防護網絡。是否有當？請公決案。,http://lci.ly.gov.tw/LyLCEW/agenda/provisionalBill/09/03/15-1060526/0903151060526_011.pdf,0903,
